-23,13,Bxmkk73kFTkyT/mrE7BAXxuz02U=,UyarwpmYMbzFpI1iFphtzLvyggw=
-22,14,+MdB788l2ro5Pdeb7T5seic/EaE=,UyarwpmYMbzFpI1iFphtzLvyggw=
-23,14,+MdB788l2ro5Pdeb7T5seic/EaE=,UyarwpmYMbzFpI1iFphtzLvyggw=
-22,13,+MdB788l2ro5Pdeb7T5seic/EaE=,UyarwpmYMbzFpI1iFphtzLvyggw=
-20,14,+MdB788l2ro5Pdeb7T5seic/EaE=,L7FhsgciyRCggTzB7H2P3a6rJU4=
-21,13,+tNhsyC8b5qjmaeJwK7DeHBuLFY=,UyarwpmYMbzFpI1iFphtzLvyggw=
-19,14,+tNhsyC8b5qjmaeJwK7DeHBuLFY=,L7FhsgciyRCggTzB7H2P3a6rJU4=
-18,14,+tNhsyC8b5qjmaeJwK7DeHBuLFY=,L7FhsgciyRCggTzB7H2P3a6rJU4=
-21,14,+tNhsyC8b5qjmaeJwK7DeHBuLFY=,UyarwpmYMbzFpI1iFphtzLvyggw=
-20,13,+tNhsyC8b5qjmaeJwK7DeHBuLFY=,L7FhsgciyRCggTzB7H2P3a6rJU4=
-19,13,+tNhsyC8b5qjmaeJwK7DeHBuLFY=,L7FhsgciyRCggTzB7H2P3a6rJU4=
-18,13,+tNhsyC8b5qjmaeJwK7DeHBuLFY=,L7FhsgciyRCggTzB7H2P3a6rJU4=
-26,10,+tNhsyC8b5qjmaeJwK7DeHBuLFY=,g2CrvMhCYJWLRUNZYYM48NdMe3U=
-27,9,+tNhsyC8b5qjmaeJwK7DeHBuLFY=,g2CrvMhCYJWLRUNZYYM48NdMe3U=
-27,10,+tNhsyC8b5qjmaeJwK7DeHBuLFY=,g2CrvMhCYJWLRUNZYYM48NdMe3U=
-28,10,+tNhsyC8b5qjmaeJwK7DeHBuLFY=,g2CrvMhCYJWLRUNZYYM48NdMe3U=
-19,11,+tNhsyC8b5qjmaeJwK7DeHBuLFY=,EAX5uAV+08FjqDgTt8vB2M90i+U=
-18,11,+tNhsyC8b5qjmaeJwK7DeHBuLFY=,EAX5uAV+08FjqDgTt8vB2M90i+U=
-18,12,+tNhsyC8b5qjmaeJwK7DeHBuLFY=,L7FhsgciyRCggTzB7H2P3a6rJU4=
-19,12,+tNhsyC8b5qjmaeJwK7DeHBuLFY=,L7FhsgciyRCggTzB7H2P3a6rJU4=
-28,9,+tNhsyC8b5qjmaeJwK7DeHBuLFY=,g2CrvMhCYJWLRUNZYYM48NdMe3U=
-26,7,+tNhsyC8b5qjmaeJwK7DeHBuLFY=,6OjauSzuAf9zRGPePQ30UVSjHgc=
-27,6,+tNhsyC8b5qjmaeJwK7DeHBuLFY=,6OjauSzuAf9zRGPePQ30UVSjHgc=
-26,6,+tNhsyC8b5qjmaeJwK7DeHBuLFY=,6OjauSzuAf9zRGPePQ30UVSjHgc=
-26,5,+tNhsyC8b5qjmaeJwK7DeHBuLFY=,6OjauSzuAf9zRGPePQ30UVSjHgc=
-28,8,+tNhsyC8b5qjmaeJwK7DeHBuLFY=,g2CrvMhCYJWLRUNZYYM48NdMe3U=
-27,5,+tNhsyC8b5qjmaeJwK7DeHBuLFY=,6OjauSzuAf9zRGPePQ30UVSjHgc=
-27,7,+tNhsyC8b5qjmaeJwK7DeHBuLFY=,6OjauSzuAf9zRGPePQ30UVSjHgc=
-28,7,+tNhsyC8b5qjmaeJwK7DeHBuLFY=,6OjauSzuAf9zRGPePQ30UVSjHgc=
-28,5,+tNhsyC8b5qjmaeJwK7DeHBuLFY=,6OjauSzuAf9zRGPePQ30UVSjHgc=
-23,4,+tNhsyC8b5qjmaeJwK7DeHBuLFY=,j7VcP3nWJmvIl0eWQeCGw+/2nFY=
-28,6,+tNhsyC8b5qjmaeJwK7DeHBuLFY=,6OjauSzuAf9zRGPePQ30UVSjHgc=
-22,4,+tNhsyC8b5qjmaeJwK7DeHBuLFY=,j7VcP3nWJmvIl0eWQeCGw+/2nFY=
-24,5,+tNhsyC8b5qjmaeJwK7DeHBuLFY=,j7VcP3nWJmvIl0eWQeCGw+/2nFY=
-23,5,+tNhsyC8b5qjmaeJwK7DeHBuLFY=,j7VcP3nWJmvIl0eWQeCGw+/2nFY=
-22,5,+tNhsyC8b5qjmaeJwK7DeHBuLFY=,j7VcP3nWJmvIl0eWQeCGw+/2nFY=
-25,5,+tNhsyC8b5qjmaeJwK7DeHBuLFY=,6OjauSzuAf9zRGPePQ30UVSjHgc=
-25,6,+tNhsyC8b5qjmaeJwK7DeHBuLFY=,6OjauSzuAf9zRGPePQ30UVSjHgc=
-27,13,+tNhsyC8b5qjmaeJwK7DeHBuLFY=,X3t8K392bKpJjyHH2vREVEopzuM=
-27,12,+tNhsyC8b5qjmaeJwK7DeHBuLFY=,X3t8K392bKpJjyHH2vREVEopzuM=
-24,13,+tNhsyC8b5qjmaeJwK7DeHBuLFY=,UyarwpmYMbzFpI1iFphtzLvyggw=
-25,13,+tNhsyC8b5qjmaeJwK7DeHBuLFY=,X3t8K392bKpJjyHH2vREVEopzuM=
-26,13,+tNhsyC8b5qjmaeJwK7DeHBuLFY=,X3t8K392bKpJjyHH2vREVEopzuM=
-26,11,+tNhsyC8b5qjmaeJwK7DeHBuLFY=,g2CrvMhCYJWLRUNZYYM48NdMe3U=
-27,11,+tNhsyC8b5qjmaeJwK7DeHBuLFY=,g2CrvMhCYJWLRUNZYYM48NdMe3U=
-25,14,+tNhsyC8b5qjmaeJwK7DeHBuLFY=,X3t8K392bKpJjyHH2vREVEopzuM=
-26,14,+tNhsyC8b5qjmaeJwK7DeHBuLFY=,X3t8K392bKpJjyHH2vREVEopzuM=
-24,14,+tNhsyC8b5qjmaeJwK7DeHBuLFY=,UyarwpmYMbzFpI1iFphtzLvyggw=
-26,12,+tNhsyC8b5qjmaeJwK7DeHBuLFY=,X3t8K392bKpJjyHH2vREVEopzuM=
-27,14,+tNhsyC8b5qjmaeJwK7DeHBuLFY=,X3t8K392bKpJjyHH2vREVEopzuM=
-27,15,+tNhsyC8b5qjmaeJwK7DeHBuLFY=,X3t8K392bKpJjyHH2vREVEopzuM=
-26,15,+tNhsyC8b5qjmaeJwK7DeHBuLFY=,X3t8K392bKpJjyHH2vREVEopzuM=
-28,15,+tNhsyC8b5qjmaeJwK7DeHBuLFY=,X3t8K392bKpJjyHH2vREVEopzuM=
-28,14,+tNhsyC8b5qjmaeJwK7DeHBuLFY=,X3t8K392bKpJjyHH2vREVEopzuM=
-28,11,+tNhsyC8b5qjmaeJwK7DeHBuLFY=,g2CrvMhCYJWLRUNZYYM48NdMe3U=
-25,11,+tNhsyC8b5qjmaeJwK7DeHBuLFY=,g2CrvMhCYJWLRUNZYYM48NdMe3U=
-20,11,+tNhsyC8b5qjmaeJwK7DeHBuLFY=,EAX5uAV+08FjqDgTt8vB2M90i+U=
-24,11,+tNhsyC8b5qjmaeJwK7DeHBuLFY=,IW38f/vVYIVWRhjD+QfJsd/Ikxw=
-25,10,+tNhsyC8b5qjmaeJwK7DeHBuLFY=,g2CrvMhCYJWLRUNZYYM48NdMe3U=
-20,12,+tNhsyC8b5qjmaeJwK7DeHBuLFY=,L7FhsgciyRCggTzB7H2P3a6rJU4=
-25,12,+tNhsyC8b5qjmaeJwK7DeHBuLFY=,X3t8K392bKpJjyHH2vREVEopzuM=
-23,11,+tNhsyC8b5qjmaeJwK7DeHBuLFY=,IW38f/vVYIVWRhjD+QfJsd/Ikxw=
-22,11,+tNhsyC8b5qjmaeJwK7DeHBuLFY=,IW38f/vVYIVWRhjD+QfJsd/Ikxw=
-21,11,+tNhsyC8b5qjmaeJwK7DeHBuLFY=,IW38f/vVYIVWRhjD+QfJsd/Ikxw=
-21,12,+tNhsyC8b5qjmaeJwK7DeHBuLFY=,UyarwpmYMbzFpI1iFphtzLvyggw=
-24,12,+tNhsyC8b5qjmaeJwK7DeHBuLFY=,UyarwpmYMbzFpI1iFphtzLvyggw=
-22,12,+tNhsyC8b5qjmaeJwK7DeHBuLFY=,UyarwpmYMbzFpI1iFphtzLvyggw=
-23,12,+tNhsyC8b5qjmaeJwK7DeHBuLFY=,UyarwpmYMbzFpI1iFphtzLvyggw=
-28,13,+tNhsyC8b5qjmaeJwK7DeHBuLFY=,X3t8K392bKpJjyHH2vREVEopzuM=
-17,14,+tNhsyC8b5qjmaeJwK7DeHBuLFY=,L7FhsgciyRCggTzB7H2P3a6rJU4=
-25,7,+tNhsyC8b5qjmaeJwK7DeHBuLFY=,6OjauSzuAf9zRGPePQ30UVSjHgc=
-17,13,+tNhsyC8b5qjmaeJwK7DeHBuLFY=,L7FhsgciyRCggTzB7H2P3a6rJU4=
-24,10,+tNhsyC8b5qjmaeJwK7DeHBuLFY=,IW38f/vVYIVWRhjD+QfJsd/Ikxw=
-18,15,+tNhsyC8b5qjmaeJwK7DeHBuLFY=,L7FhsgciyRCggTzB7H2P3a6rJU4=
-19,15,+tNhsyC8b5qjmaeJwK7DeHBuLFY=,L7FhsgciyRCggTzB7H2P3a6rJU4=
-20,15,+tNhsyC8b5qjmaeJwK7DeHBuLFY=,L7FhsgciyRCggTzB7H2P3a6rJU4=
-24,15,+tNhsyC8b5qjmaeJwK7DeHBuLFY=,UyarwpmYMbzFpI1iFphtzLvyggw=
-23,15,+tNhsyC8b5qjmaeJwK7DeHBuLFY=,UyarwpmYMbzFpI1iFphtzLvyggw=
-22,15,+tNhsyC8b5qjmaeJwK7DeHBuLFY=,UyarwpmYMbzFpI1iFphtzLvyggw=
-21,15,+tNhsyC8b5qjmaeJwK7DeHBuLFY=,UyarwpmYMbzFpI1iFphtzLvyggw=
-24,4,+tNhsyC8b5qjmaeJwK7DeHBuLFY=,j7VcP3nWJmvIl0eWQeCGw+/2nFY=
-25,15,+tNhsyC8b5qjmaeJwK7DeHBuLFY=,X3t8K392bKpJjyHH2vREVEopzuM=
-25,4,+tNhsyC8b5qjmaeJwK7DeHBuLFY=,6OjauSzuAf9zRGPePQ30UVSjHgc=
-28,4,+tNhsyC8b5qjmaeJwK7DeHBuLFY=,6OjauSzuAf9zRGPePQ30UVSjHgc=
-27,4,+tNhsyC8b5qjmaeJwK7DeHBuLFY=,6OjauSzuAf9zRGPePQ30UVSjHgc=
-17,15,+tNhsyC8b5qjmaeJwK7DeHBuLFY=,L7FhsgciyRCggTzB7H2P3a6rJU4=
-28,12,+tNhsyC8b5qjmaeJwK7DeHBuLFY=,X3t8K392bKpJjyHH2vREVEopzuM=
-26,4,+tNhsyC8b5qjmaeJwK7DeHBuLFY=,6OjauSzuAf9zRGPePQ30UVSjHgc=
-27,8,+tNhsyC8b5qjmaeJwK7DeHBuLFY=,g2CrvMhCYJWLRUNZYYM48NdMe3U=
-24,6,+tNhsyC8b5qjmaeJwK7DeHBuLFY=,j7VcP3nWJmvIl0eWQeCGw+/2nFY=
-23,6,+tNhsyC8b5qjmaeJwK7DeHBuLFY=,j7VcP3nWJmvIl0eWQeCGw+/2nFY=
-17,11,+tNhsyC8b5qjmaeJwK7DeHBuLFY=,EAX5uAV+08FjqDgTt8vB2M90i+U=
-17,12,+tNhsyC8b5qjmaeJwK7DeHBuLFY=,L7FhsgciyRCggTzB7H2P3a6rJU4=
-21,4,+tNhsyC8b5qjmaeJwK7DeHBuLFY=,j7VcP3nWJmvIl0eWQeCGw+/2nFY=
-23,10,+tNhsyC8b5qjmaeJwK7DeHBuLFY=,IW38f/vVYIVWRhjD+QfJsd/Ikxw=
-22,10,+tNhsyC8b5qjmaeJwK7DeHBuLFY=,IW38f/vVYIVWRhjD+QfJsd/Ikxw=
-17,10,+tNhsyC8b5qjmaeJwK7DeHBuLFY=,EAX5uAV+08FjqDgTt8vB2M90i+U=
-18,8,+tNhsyC8b5qjmaeJwK7DeHBuLFY=,EAX5uAV+08FjqDgTt8vB2M90i+U=
-20,10,+tNhsyC8b5qjmaeJwK7DeHBuLFY=,EAX5uAV+08FjqDgTt8vB2M90i+U=
-23,9,+tNhsyC8b5qjmaeJwK7DeHBuLFY=,IW38f/vVYIVWRhjD+QfJsd/Ikxw=
-18,5,+tNhsyC8b5qjmaeJwK7DeHBuLFY=,RrnJBVollOYDGIyfhb0Z/hNO8Eg=
-18,9,+tNhsyC8b5qjmaeJwK7DeHBuLFY=,EAX5uAV+08FjqDgTt8vB2M90i+U=
-21,10,+tNhsyC8b5qjmaeJwK7DeHBuLFY=,IW38f/vVYIVWRhjD+QfJsd/Ikxw=
-18,6,+tNhsyC8b5qjmaeJwK7DeHBuLFY=,RrnJBVollOYDGIyfhb0Z/hNO8Eg=
-19,10,+tNhsyC8b5qjmaeJwK7DeHBuLFY=,EAX5uAV+08FjqDgTt8vB2M90i+U=
-20,5,+tNhsyC8b5qjmaeJwK7DeHBuLFY=,RrnJBVollOYDGIyfhb0Z/hNO8Eg=
-21,9,+tNhsyC8b5qjmaeJwK7DeHBuLFY=,IW38f/vVYIVWRhjD+QfJsd/Ikxw=
-17,9,+tNhsyC8b5qjmaeJwK7DeHBuLFY=,EAX5uAV+08FjqDgTt8vB2M90i+U=
-17,4,+tNhsyC8b5qjmaeJwK7DeHBuLFY=,RrnJBVollOYDGIyfhb0Z/hNO8Eg=
-17,8,+tNhsyC8b5qjmaeJwK7DeHBuLFY=,EAX5uAV+08FjqDgTt8vB2M90i+U=
-25,9,+tNhsyC8b5qjmaeJwK7DeHBuLFY=,g2CrvMhCYJWLRUNZYYM48NdMe3U=
-19,4,+tNhsyC8b5qjmaeJwK7DeHBuLFY=,RrnJBVollOYDGIyfhb0Z/hNO8Eg=
-18,4,+tNhsyC8b5qjmaeJwK7DeHBuLFY=,RrnJBVollOYDGIyfhb0Z/hNO8Eg=
-17,7,+tNhsyC8b5qjmaeJwK7DeHBuLFY=,RrnJBVollOYDGIyfhb0Z/hNO8Eg=
-25,8,+tNhsyC8b5qjmaeJwK7DeHBuLFY=,g2CrvMhCYJWLRUNZYYM48NdMe3U=
-18,10,+tNhsyC8b5qjmaeJwK7DeHBuLFY=,EAX5uAV+08FjqDgTt8vB2M90i+U=
-20,9,+tNhsyC8b5qjmaeJwK7DeHBuLFY=,EAX5uAV+08FjqDgTt8vB2M90i+U=
-20,4,+tNhsyC8b5qjmaeJwK7DeHBuLFY=,RrnJBVollOYDGIyfhb0Z/hNO8Eg=
-21,6,+tNhsyC8b5qjmaeJwK7DeHBuLFY=,j7VcP3nWJmvIl0eWQeCGw+/2nFY=
-19,5,+tNhsyC8b5qjmaeJwK7DeHBuLFY=,RrnJBVollOYDGIyfhb0Z/hNO8Eg=
-17,5,+tNhsyC8b5qjmaeJwK7DeHBuLFY=,RrnJBVollOYDGIyfhb0Z/hNO8Eg=
-24,7,+tNhsyC8b5qjmaeJwK7DeHBuLFY=,j7VcP3nWJmvIl0eWQeCGw+/2nFY=
-21,7,+tNhsyC8b5qjmaeJwK7DeHBuLFY=,j7VcP3nWJmvIl0eWQeCGw+/2nFY=
-22,9,+tNhsyC8b5qjmaeJwK7DeHBuLFY=,IW38f/vVYIVWRhjD+QfJsd/Ikxw=
-21,5,+tNhsyC8b5qjmaeJwK7DeHBuLFY=,j7VcP3nWJmvIl0eWQeCGw+/2nFY=
-24,9,+tNhsyC8b5qjmaeJwK7DeHBuLFY=,IW38f/vVYIVWRhjD+QfJsd/Ikxw=
-19,9,+tNhsyC8b5qjmaeJwK7DeHBuLFY=,EAX5uAV+08FjqDgTt8vB2M90i+U=
-18,7,+tNhsyC8b5qjmaeJwK7DeHBuLFY=,RrnJBVollOYDGIyfhb0Z/hNO8Eg=
-22,6,+tNhsyC8b5qjmaeJwK7DeHBuLFY=,j7VcP3nWJmvIl0eWQeCGw+/2nFY=
-26,9,+tNhsyC8b5qjmaeJwK7DeHBuLFY=,g2CrvMhCYJWLRUNZYYM48NdMe3U=
-19,7,+tNhsyC8b5qjmaeJwK7DeHBuLFY=,RrnJBVollOYDGIyfhb0Z/hNO8Eg=
-23,7,+tNhsyC8b5qjmaeJwK7DeHBuLFY=,j7VcP3nWJmvIl0eWQeCGw+/2nFY=
-21,8,+tNhsyC8b5qjmaeJwK7DeHBuLFY=,IW38f/vVYIVWRhjD+QfJsd/Ikxw=
-19,6,+tNhsyC8b5qjmaeJwK7DeHBuLFY=,RrnJBVollOYDGIyfhb0Z/hNO8Eg=
-22,8,+tNhsyC8b5qjmaeJwK7DeHBuLFY=,IW38f/vVYIVWRhjD+QfJsd/Ikxw=
-20,6,+tNhsyC8b5qjmaeJwK7DeHBuLFY=,RrnJBVollOYDGIyfhb0Z/hNO8Eg=
-17,6,+tNhsyC8b5qjmaeJwK7DeHBuLFY=,RrnJBVollOYDGIyfhb0Z/hNO8Eg=
-23,8,+tNhsyC8b5qjmaeJwK7DeHBuLFY=,IW38f/vVYIVWRhjD+QfJsd/Ikxw=
-26,8,+tNhsyC8b5qjmaeJwK7DeHBuLFY=,g2CrvMhCYJWLRUNZYYM48NdMe3U=
-22,7,+tNhsyC8b5qjmaeJwK7DeHBuLFY=,j7VcP3nWJmvIl0eWQeCGw+/2nFY=
-20,8,+tNhsyC8b5qjmaeJwK7DeHBuLFY=,EAX5uAV+08FjqDgTt8vB2M90i+U=
-24,8,+tNhsyC8b5qjmaeJwK7DeHBuLFY=,IW38f/vVYIVWRhjD+QfJsd/Ikxw=
-19,8,+tNhsyC8b5qjmaeJwK7DeHBuLFY=,EAX5uAV+08FjqDgTt8vB2M90i+U=
-20,7,+tNhsyC8b5qjmaeJwK7DeHBuLFY=,RrnJBVollOYDGIyfhb0Z/hNO8Eg=
-19,29,FhQQRxWsUP/41SiJBpp2i593nds=,o9wG8q+ZOvmULNz28gHLEOfiI7M=
-18,30,FhQQRxWsUP/41SiJBpp2i593nds=,o9wG8q+ZOvmULNz28gHLEOfiI7M=
-19,30,FhQQRxWsUP/41SiJBpp2i593nds=,o9wG8q+ZOvmULNz28gHLEOfiI7M=
-17,17,FhQQRxWsUP/41SiJBpp2i593nds=,ANm+qqyhoF5rWqBIlutQc8kzr0s=
-18,29,FhQQRxWsUP/41SiJBpp2i593nds=,o9wG8q+ZOvmULNz28gHLEOfiI7M=
-18,16,FhQQRxWsUP/41SiJBpp2i593nds=,ANm+qqyhoF5rWqBIlutQc8kzr0s=
-19,18,FhQQRxWsUP/41SiJBpp2i593nds=,ANm+qqyhoF5rWqBIlutQc8kzr0s=
-20,30,FhQQRxWsUP/41SiJBpp2i593nds=,o9wG8q+ZOvmULNz28gHLEOfiI7M=
-18,18,FhQQRxWsUP/41SiJBpp2i593nds=,ANm+qqyhoF5rWqBIlutQc8kzr0s=
-20,18,FhQQRxWsUP/41SiJBpp2i593nds=,ANm+qqyhoF5rWqBIlutQc8kzr0s=
-20,29,FhQQRxWsUP/41SiJBpp2i593nds=,o9wG8q+ZOvmULNz28gHLEOfiI7M=
-19,16,FhQQRxWsUP/41SiJBpp2i593nds=,ANm+qqyhoF5rWqBIlutQc8kzr0s=
-17,18,FhQQRxWsUP/41SiJBpp2i593nds=,ANm+qqyhoF5rWqBIlutQc8kzr0s=
-19,19,FhQQRxWsUP/41SiJBpp2i593nds=,ANm+qqyhoF5rWqBIlutQc8kzr0s=
-18,17,FhQQRxWsUP/41SiJBpp2i593nds=,ANm+qqyhoF5rWqBIlutQc8kzr0s=
-20,17,FhQQRxWsUP/41SiJBpp2i593nds=,ANm+qqyhoF5rWqBIlutQc8kzr0s=
-19,17,FhQQRxWsUP/41SiJBpp2i593nds=,ANm+qqyhoF5rWqBIlutQc8kzr0s=
-19,24,FhQQRxWsUP/41SiJBpp2i593nds=,HvvzwOrDTLsCcDJuITMEy0LQJJg=
-18,24,FhQQRxWsUP/41SiJBpp2i593nds=,HvvzwOrDTLsCcDJuITMEy0LQJJg=
-19,28,FhQQRxWsUP/41SiJBpp2i593nds=,o9wG8q+ZOvmULNz28gHLEOfiI7M=
-18,19,FhQQRxWsUP/41SiJBpp2i593nds=,ANm+qqyhoF5rWqBIlutQc8kzr0s=
-18,28,FhQQRxWsUP/41SiJBpp2i593nds=,o9wG8q+ZOvmULNz28gHLEOfiI7M=
-18,26,FhQQRxWsUP/41SiJBpp2i593nds=,HvvzwOrDTLsCcDJuITMEy0LQJJg=
-19,27,FhQQRxWsUP/41SiJBpp2i593nds=,HvvzwOrDTLsCcDJuITMEy0LQJJg=
-18,25,FhQQRxWsUP/41SiJBpp2i593nds=,HvvzwOrDTLsCcDJuITMEy0LQJJg=
-18,27,FhQQRxWsUP/41SiJBpp2i593nds=,HvvzwOrDTLsCcDJuITMEy0LQJJg=
-19,25,FhQQRxWsUP/41SiJBpp2i593nds=,HvvzwOrDTLsCcDJuITMEy0LQJJg=
-19,26,FhQQRxWsUP/41SiJBpp2i593nds=,HvvzwOrDTLsCcDJuITMEy0LQJJg=
-20,28,FhQQRxWsUP/41SiJBpp2i593nds=,o9wG8q+ZOvmULNz28gHLEOfiI7M=
-20,26,FhQQRxWsUP/41SiJBpp2i593nds=,HvvzwOrDTLsCcDJuITMEy0LQJJg=
-20,25,FhQQRxWsUP/41SiJBpp2i593nds=,HvvzwOrDTLsCcDJuITMEy0LQJJg=
-20,27,FhQQRxWsUP/41SiJBpp2i593nds=,HvvzwOrDTLsCcDJuITMEy0LQJJg=
-18,31,FhQQRxWsUP/41SiJBpp2i593nds=,o9wG8q+ZOvmULNz28gHLEOfiI7M=
-19,31,FhQQRxWsUP/41SiJBpp2i593nds=,o9wG8q+ZOvmULNz28gHLEOfiI7M=
-20,31,FhQQRxWsUP/41SiJBpp2i593nds=,o9wG8q+ZOvmULNz28gHLEOfiI7M=
-17,31,FhQQRxWsUP/41SiJBpp2i593nds=,o9wG8q+ZOvmULNz28gHLEOfiI7M=
-17,29,FhQQRxWsUP/41SiJBpp2i593nds=,o9wG8q+ZOvmULNz28gHLEOfiI7M=
-17,30,FhQQRxWsUP/41SiJBpp2i593nds=,o9wG8q+ZOvmULNz28gHLEOfiI7M=
-20,16,FhQQRxWsUP/41SiJBpp2i593nds=,ANm+qqyhoF5rWqBIlutQc8kzr0s=
-20,19,FhQQRxWsUP/41SiJBpp2i593nds=,ANm+qqyhoF5rWqBIlutQc8kzr0s=
-20,24,FhQQRxWsUP/41SiJBpp2i593nds=,HvvzwOrDTLsCcDJuITMEy0LQJJg=
-17,19,FhQQRxWsUP/41SiJBpp2i593nds=,ANm+qqyhoF5rWqBIlutQc8kzr0s=
-17,16,FhQQRxWsUP/41SiJBpp2i593nds=,ANm+qqyhoF5rWqBIlutQc8kzr0s=
-17,25,FhQQRxWsUP/41SiJBpp2i593nds=,HvvzwOrDTLsCcDJuITMEy0LQJJg=
-17,24,FhQQRxWsUP/41SiJBpp2i593nds=,HvvzwOrDTLsCcDJuITMEy0LQJJg=
-17,26,FhQQRxWsUP/41SiJBpp2i593nds=,HvvzwOrDTLsCcDJuITMEy0LQJJg=
-17,28,FhQQRxWsUP/41SiJBpp2i593nds=,o9wG8q+ZOvmULNz28gHLEOfiI7M=
-17,27,FhQQRxWsUP/41SiJBpp2i593nds=,HvvzwOrDTLsCcDJuITMEy0LQJJg=
-3,18,G7QCrGAB3+io2qoW4Dc7aFfEv44=,1NRxYMNoq1AsZDlbMVqSvyrh3gw=
-2,17,G7QCrGAB3+io2qoW4Dc7aFfEv44=,1NRxYMNoq1AsZDlbMVqSvyrh3gw=
-3,17,G7QCrGAB3+io2qoW4Dc7aFfEv44=,1NRxYMNoq1AsZDlbMVqSvyrh3gw=
-2,18,DYVp5v/oSxFrqcCQpR57gMY5AFA=,1NRxYMNoq1AsZDlbMVqSvyrh3gw=
-6,25,DYVp5v/oSxFrqcCQpR57gMY5AFA=,NtCuODDexkRHHBlH4kqvb8mFuFM=
-7,25,DYVp5v/oSxFrqcCQpR57gMY5AFA=,NtCuODDexkRHHBlH4kqvb8mFuFM=
-7,26,DYVp5v/oSxFrqcCQpR57gMY5AFA=,NtCuODDexkRHHBlH4kqvb8mFuFM=
-6,26,zrKmcCVuVbjYZpaSXFeOsCnZWGU=,NtCuODDexkRHHBlH4kqvb8mFuFM=
-4,18,zrKmcCVuVbjYZpaSXFeOsCnZWGU=,1NRxYMNoq1AsZDlbMVqSvyrh3gw=
-7,17,zrKmcCVuVbjYZpaSXFeOsCnZWGU=,kMRuLohz+y/xJV8R8bAVecvuG1I=
-6,17,zrKmcCVuVbjYZpaSXFeOsCnZWGU=,kMRuLohz+y/xJV8R8bAVecvuG1I=
-5,18,zrKmcCVuVbjYZpaSXFeOsCnZWGU=,kMRuLohz+y/xJV8R8bAVecvuG1I=
-5,17,zrKmcCVuVbjYZpaSXFeOsCnZWGU=,kMRuLohz+y/xJV8R8bAVecvuG1I=
-4,17,zrKmcCVuVbjYZpaSXFeOsCnZWGU=,1NRxYMNoq1AsZDlbMVqSvyrh3gw=
-7,22,zrKmcCVuVbjYZpaSXFeOsCnZWGU=,r43byYwA5XjUm1QWua/C6Y5BcHw=
-7,21,zrKmcCVuVbjYZpaSXFeOsCnZWGU=,r43byYwA5XjUm1QWua/C6Y5BcHw=
-7,24,zrKmcCVuVbjYZpaSXFeOsCnZWGU=,NtCuODDexkRHHBlH4kqvb8mFuFM=
-7,23,zrKmcCVuVbjYZpaSXFeOsCnZWGU=,r43byYwA5XjUm1QWua/C6Y5BcHw=
-6,23,zrKmcCVuVbjYZpaSXFeOsCnZWGU=,r43byYwA5XjUm1QWua/C6Y5BcHw=
-6,24,zrKmcCVuVbjYZpaSXFeOsCnZWGU=,NtCuODDexkRHHBlH4kqvb8mFuFM=
-7,29,zrKmcCVuVbjYZpaSXFeOsCnZWGU=,aGi4B5EiePXzyP3boolHZHaPOcI=
-6,29,zrKmcCVuVbjYZpaSXFeOsCnZWGU=,aGi4B5EiePXzyP3boolHZHaPOcI=
-7,30,zrKmcCVuVbjYZpaSXFeOsCnZWGU=,aGi4B5EiePXzyP3boolHZHaPOcI=
-6,30,zrKmcCVuVbjYZpaSXFeOsCnZWGU=,aGi4B5EiePXzyP3boolHZHaPOcI=
-7,27,zrKmcCVuVbjYZpaSXFeOsCnZWGU=,NtCuODDexkRHHBlH4kqvb8mFuFM=
-6,27,zrKmcCVuVbjYZpaSXFeOsCnZWGU=,NtCuODDexkRHHBlH4kqvb8mFuFM=
-7,28,zrKmcCVuVbjYZpaSXFeOsCnZWGU=,aGi4B5EiePXzyP3boolHZHaPOcI=
-6,28,zrKmcCVuVbjYZpaSXFeOsCnZWGU=,aGi4B5EiePXzyP3boolHZHaPOcI=
-11,29,zrKmcCVuVbjYZpaSXFeOsCnZWGU=,WSJAH6q8SeMYlU71nNAMEaNb2xQ=
-8,29,zrKmcCVuVbjYZpaSXFeOsCnZWGU=,aGi4B5EiePXzyP3boolHZHaPOcI=
-10,29,zrKmcCVuVbjYZpaSXFeOsCnZWGU=,WSJAH6q8SeMYlU71nNAMEaNb2xQ=
-9,29,zrKmcCVuVbjYZpaSXFeOsCnZWGU=,WSJAH6q8SeMYlU71nNAMEaNb2xQ=
-9,30,zrKmcCVuVbjYZpaSXFeOsCnZWGU=,WSJAH6q8SeMYlU71nNAMEaNb2xQ=
-8,30,zrKmcCVuVbjYZpaSXFeOsCnZWGU=,aGi4B5EiePXzyP3boolHZHaPOcI=
-10,30,zrKmcCVuVbjYZpaSXFeOsCnZWGU=,WSJAH6q8SeMYlU71nNAMEaNb2xQ=
-10,25,zrKmcCVuVbjYZpaSXFeOsCnZWGU=,UuMJCx7DUMzOmV3casWZD1fTAYA=
-11,28,zrKmcCVuVbjYZpaSXFeOsCnZWGU=,WSJAH6q8SeMYlU71nNAMEaNb2xQ=
-11,30,zrKmcCVuVbjYZpaSXFeOsCnZWGU=,WSJAH6q8SeMYlU71nNAMEaNb2xQ=
-8,26,zrKmcCVuVbjYZpaSXFeOsCnZWGU=,NtCuODDexkRHHBlH4kqvb8mFuFM=
-11,27,zrKmcCVuVbjYZpaSXFeOsCnZWGU=,UuMJCx7DUMzOmV3casWZD1fTAYA=
-10,27,zrKmcCVuVbjYZpaSXFeOsCnZWGU=,UuMJCx7DUMzOmV3casWZD1fTAYA=
-9,25,zrKmcCVuVbjYZpaSXFeOsCnZWGU=,UuMJCx7DUMzOmV3casWZD1fTAYA=
-9,27,zrKmcCVuVbjYZpaSXFeOsCnZWGU=,UuMJCx7DUMzOmV3casWZD1fTAYA=
-8,27,zrKmcCVuVbjYZpaSXFeOsCnZWGU=,NtCuODDexkRHHBlH4kqvb8mFuFM=
-9,26,zrKmcCVuVbjYZpaSXFeOsCnZWGU=,UuMJCx7DUMzOmV3casWZD1fTAYA=
-10,28,zrKmcCVuVbjYZpaSXFeOsCnZWGU=,WSJAH6q8SeMYlU71nNAMEaNb2xQ=
-8,28,zrKmcCVuVbjYZpaSXFeOsCnZWGU=,aGi4B5EiePXzyP3boolHZHaPOcI=
-11,25,zrKmcCVuVbjYZpaSXFeOsCnZWGU=,UuMJCx7DUMzOmV3casWZD1fTAYA=
-8,25,zrKmcCVuVbjYZpaSXFeOsCnZWGU=,NtCuODDexkRHHBlH4kqvb8mFuFM=
-10,26,zrKmcCVuVbjYZpaSXFeOsCnZWGU=,UuMJCx7DUMzOmV3casWZD1fTAYA=
-9,28,zrKmcCVuVbjYZpaSXFeOsCnZWGU=,WSJAH6q8SeMYlU71nNAMEaNb2xQ=
-11,26,zrKmcCVuVbjYZpaSXFeOsCnZWGU=,UuMJCx7DUMzOmV3casWZD1fTAYA=
-15,25,zrKmcCVuVbjYZpaSXFeOsCnZWGU=,h6t5HFE4iTPO/n3fKYblDIIbPHk=
-14,25,zrKmcCVuVbjYZpaSXFeOsCnZWGU=,h6t5HFE4iTPO/n3fKYblDIIbPHk=
-12,26,zrKmcCVuVbjYZpaSXFeOsCnZWGU=,UuMJCx7DUMzOmV3casWZD1fTAYA=
-13,25,zrKmcCVuVbjYZpaSXFeOsCnZWGU=,h6t5HFE4iTPO/n3fKYblDIIbPHk=
-12,25,zrKmcCVuVbjYZpaSXFeOsCnZWGU=,UuMJCx7DUMzOmV3casWZD1fTAYA=
-15,26,zrKmcCVuVbjYZpaSXFeOsCnZWGU=,h6t5HFE4iTPO/n3fKYblDIIbPHk=
-14,26,zrKmcCVuVbjYZpaSXFeOsCnZWGU=,h6t5HFE4iTPO/n3fKYblDIIbPHk=
-2,19,zrKmcCVuVbjYZpaSXFeOsCnZWGU=,1NRxYMNoq1AsZDlbMVqSvyrh3gw=
-3,19,zrKmcCVuVbjYZpaSXFeOsCnZWGU=,1NRxYMNoq1AsZDlbMVqSvyrh3gw=
-5,19,zrKmcCVuVbjYZpaSXFeOsCnZWGU=,kMRuLohz+y/xJV8R8bAVecvuG1I=
-13,26,zrKmcCVuVbjYZpaSXFeOsCnZWGU=,h6t5HFE4iTPO/n3fKYblDIIbPHk=
-2,21,zrKmcCVuVbjYZpaSXFeOsCnZWGU=,8zoQdjA4g5O0WvNHh/PUDhXMso4=
-2,20,zrKmcCVuVbjYZpaSXFeOsCnZWGU=,8zoQdjA4g5O0WvNHh/PUDhXMso4=
-5,26,zrKmcCVuVbjYZpaSXFeOsCnZWGU=,NtCuODDexkRHHBlH4kqvb8mFuFM=
-4,25,zrKmcCVuVbjYZpaSXFeOsCnZWGU=,qhP/OE8eGByw3Mi9Jz69aSgt8MQ=
-5,25,zrKmcCVuVbjYZpaSXFeOsCnZWGU=,NtCuODDexkRHHBlH4kqvb8mFuFM=
-3,20,zrKmcCVuVbjYZpaSXFeOsCnZWGU=,8zoQdjA4g5O0WvNHh/PUDhXMso4=
-4,19,zrKmcCVuVbjYZpaSXFeOsCnZWGU=,1NRxYMNoq1AsZDlbMVqSvyrh3gw=
-3,24,zrKmcCVuVbjYZpaSXFeOsCnZWGU=,qhP/OE8eGByw3Mi9Jz69aSgt8MQ=
-6,19,zrKmcCVuVbjYZpaSXFeOsCnZWGU=,kMRuLohz+y/xJV8R8bAVecvuG1I=
-6,18,zrKmcCVuVbjYZpaSXFeOsCnZWGU=,kMRuLohz+y/xJV8R8bAVecvuG1I=
-12,27,zrKmcCVuVbjYZpaSXFeOsCnZWGU=,UuMJCx7DUMzOmV3casWZD1fTAYA=
-15,30,zrKmcCVuVbjYZpaSXFeOsCnZWGU=,MjTkWH9kW963EAaY1Gf4U+kshkM=
-15,29,zrKmcCVuVbjYZpaSXFeOsCnZWGU=,MjTkWH9kW963EAaY1Gf4U+kshkM=
-14,29,zrKmcCVuVbjYZpaSXFeOsCnZWGU=,MjTkWH9kW963EAaY1Gf4U+kshkM=
-15,28,zrKmcCVuVbjYZpaSXFeOsCnZWGU=,MjTkWH9kW963EAaY1Gf4U+kshkM=
-14,30,zrKmcCVuVbjYZpaSXFeOsCnZWGU=,MjTkWH9kW963EAaY1Gf4U+kshkM=
-13,30,zrKmcCVuVbjYZpaSXFeOsCnZWGU=,MjTkWH9kW963EAaY1Gf4U+kshkM=
-15,27,zrKmcCVuVbjYZpaSXFeOsCnZWGU=,h6t5HFE4iTPO/n3fKYblDIIbPHk=
-14,27,zrKmcCVuVbjYZpaSXFeOsCnZWGU=,h6t5HFE4iTPO/n3fKYblDIIbPHk=
-12,30,zrKmcCVuVbjYZpaSXFeOsCnZWGU=,WSJAH6q8SeMYlU71nNAMEaNb2xQ=
-13,27,zrKmcCVuVbjYZpaSXFeOsCnZWGU=,h6t5HFE4iTPO/n3fKYblDIIbPHk=
-14,28,zrKmcCVuVbjYZpaSXFeOsCnZWGU=,MjTkWH9kW963EAaY1Gf4U+kshkM=
-13,28,zrKmcCVuVbjYZpaSXFeOsCnZWGU=,MjTkWH9kW963EAaY1Gf4U+kshkM=
-13,29,zrKmcCVuVbjYZpaSXFeOsCnZWGU=,MjTkWH9kW963EAaY1Gf4U+kshkM=
-12,29,zrKmcCVuVbjYZpaSXFeOsCnZWGU=,WSJAH6q8SeMYlU71nNAMEaNb2xQ=
-12,28,zrKmcCVuVbjYZpaSXFeOsCnZWGU=,WSJAH6q8SeMYlU71nNAMEaNb2xQ=
-5,24,zrKmcCVuVbjYZpaSXFeOsCnZWGU=,NtCuODDexkRHHBlH4kqvb8mFuFM=
-3,21,zrKmcCVuVbjYZpaSXFeOsCnZWGU=,8zoQdjA4g5O0WvNHh/PUDhXMso4=
-6,22,zrKmcCVuVbjYZpaSXFeOsCnZWGU=,r43byYwA5XjUm1QWua/C6Y5BcHw=
-6,21,zrKmcCVuVbjYZpaSXFeOsCnZWGU=,r43byYwA5XjUm1QWua/C6Y5BcHw=
-6,20,zrKmcCVuVbjYZpaSXFeOsCnZWGU=,r43byYwA5XjUm1QWua/C6Y5BcHw=
-5,23,zrKmcCVuVbjYZpaSXFeOsCnZWGU=,r43byYwA5XjUm1QWua/C6Y5BcHw=
-4,21,zrKmcCVuVbjYZpaSXFeOsCnZWGU=,8zoQdjA4g5O0WvNHh/PUDhXMso4=
-5,21,zrKmcCVuVbjYZpaSXFeOsCnZWGU=,r43byYwA5XjUm1QWua/C6Y5BcHw=
-3,23,zrKmcCVuVbjYZpaSXFeOsCnZWGU=,8zoQdjA4g5O0WvNHh/PUDhXMso4=
-1,21,zrKmcCVuVbjYZpaSXFeOsCnZWGU=,8zoQdjA4g5O0WvNHh/PUDhXMso4=
-4,20,zrKmcCVuVbjYZpaSXFeOsCnZWGU=,8zoQdjA4g5O0WvNHh/PUDhXMso4=
-4,24,zrKmcCVuVbjYZpaSXFeOsCnZWGU=,qhP/OE8eGByw3Mi9Jz69aSgt8MQ=
-5,22,zrKmcCVuVbjYZpaSXFeOsCnZWGU=,r43byYwA5XjUm1QWua/C6Y5BcHw=
-5,20,zrKmcCVuVbjYZpaSXFeOsCnZWGU=,r43byYwA5XjUm1QWua/C6Y5BcHw=
-7,31,zrKmcCVuVbjYZpaSXFeOsCnZWGU=,aGi4B5EiePXzyP3boolHZHaPOcI=
-6,31,zrKmcCVuVbjYZpaSXFeOsCnZWGU=,aGi4B5EiePXzyP3boolHZHaPOcI=
-1,25,zrKmcCVuVbjYZpaSXFeOsCnZWGU=,qhP/OE8eGByw3Mi9Jz69aSgt8MQ=
-4,29,zrKmcCVuVbjYZpaSXFeOsCnZWGU=,YGISQTDGUZHg1O95BC55WX32f5U=
-5,29,zrKmcCVuVbjYZpaSXFeOsCnZWGU=,aGi4B5EiePXzyP3boolHZHaPOcI=
-5,30,zrKmcCVuVbjYZpaSXFeOsCnZWGU=,aGi4B5EiePXzyP3boolHZHaPOcI=
-5,28,zrKmcCVuVbjYZpaSXFeOsCnZWGU=,aGi4B5EiePXzyP3boolHZHaPOcI=
-5,27,zrKmcCVuVbjYZpaSXFeOsCnZWGU=,NtCuODDexkRHHBlH4kqvb8mFuFM=
-4,28,zrKmcCVuVbjYZpaSXFeOsCnZWGU=,YGISQTDGUZHg1O95BC55WX32f5U=
-5,31,zrKmcCVuVbjYZpaSXFeOsCnZWGU=,aGi4B5EiePXzyP3boolHZHaPOcI=
-3,25,zrKmcCVuVbjYZpaSXFeOsCnZWGU=,qhP/OE8eGByw3Mi9Jz69aSgt8MQ=
-4,27,zrKmcCVuVbjYZpaSXFeOsCnZWGU=,qhP/OE8eGByw3Mi9Jz69aSgt8MQ=
-4,30,zrKmcCVuVbjYZpaSXFeOsCnZWGU=,YGISQTDGUZHg1O95BC55WX32f5U=
-4,26,zrKmcCVuVbjYZpaSXFeOsCnZWGU=,qhP/OE8eGByw3Mi9Jz69aSgt8MQ=
-1,22,zrKmcCVuVbjYZpaSXFeOsCnZWGU=,8zoQdjA4g5O0WvNHh/PUDhXMso4=
-3,28,zrKmcCVuVbjYZpaSXFeOsCnZWGU=,YGISQTDGUZHg1O95BC55WX32f5U=
-4,31,zrKmcCVuVbjYZpaSXFeOsCnZWGU=,YGISQTDGUZHg1O95BC55WX32f5U=
-2,25,zrKmcCVuVbjYZpaSXFeOsCnZWGU=,qhP/OE8eGByw3Mi9Jz69aSgt8MQ=
-2,24,zrKmcCVuVbjYZpaSXFeOsCnZWGU=,qhP/OE8eGByw3Mi9Jz69aSgt8MQ=
-4,22,zrKmcCVuVbjYZpaSXFeOsCnZWGU=,8zoQdjA4g5O0WvNHh/PUDhXMso4=
-4,23,zrKmcCVuVbjYZpaSXFeOsCnZWGU=,8zoQdjA4g5O0WvNHh/PUDhXMso4=
-1,24,zrKmcCVuVbjYZpaSXFeOsCnZWGU=,qhP/OE8eGByw3Mi9Jz69aSgt8MQ=
-2,16,zrKmcCVuVbjYZpaSXFeOsCnZWGU=,1NRxYMNoq1AsZDlbMVqSvyrh3gw=
-3,16,zrKmcCVuVbjYZpaSXFeOsCnZWGU=,1NRxYMNoq1AsZDlbMVqSvyrh3gw=
-3,22,zrKmcCVuVbjYZpaSXFeOsCnZWGU=,8zoQdjA4g5O0WvNHh/PUDhXMso4=
-3,30,zrKmcCVuVbjYZpaSXFeOsCnZWGU=,YGISQTDGUZHg1O95BC55WX32f5U=
-2,26,zrKmcCVuVbjYZpaSXFeOsCnZWGU=,qhP/OE8eGByw3Mi9Jz69aSgt8MQ=
-2,23,zrKmcCVuVbjYZpaSXFeOsCnZWGU=,8zoQdjA4g5O0WvNHh/PUDhXMso4=
-1,31,zrKmcCVuVbjYZpaSXFeOsCnZWGU=,YGISQTDGUZHg1O95BC55WX32f5U=
-8,22,zrKmcCVuVbjYZpaSXFeOsCnZWGU=,r43byYwA5XjUm1QWua/C6Y5BcHw=
-8,24,zrKmcCVuVbjYZpaSXFeOsCnZWGU=,NtCuODDexkRHHBlH4kqvb8mFuFM=
-11,24,zrKmcCVuVbjYZpaSXFeOsCnZWGU=,UuMJCx7DUMzOmV3casWZD1fTAYA=
-10,24,zrKmcCVuVbjYZpaSXFeOsCnZWGU=,UuMJCx7DUMzOmV3casWZD1fTAYA=
-9,24,zrKmcCVuVbjYZpaSXFeOsCnZWGU=,UuMJCx7DUMzOmV3casWZD1fTAYA=
-8,23,zrKmcCVuVbjYZpaSXFeOsCnZWGU=,r43byYwA5XjUm1QWua/C6Y5BcHw=
-8,21,zrKmcCVuVbjYZpaSXFeOsCnZWGU=,r43byYwA5XjUm1QWua/C6Y5BcHw=
-1,26,zrKmcCVuVbjYZpaSXFeOsCnZWGU=,qhP/OE8eGByw3Mi9Jz69aSgt8MQ=
-1,20,zrKmcCVuVbjYZpaSXFeOsCnZWGU=,8zoQdjA4g5O0WvNHh/PUDhXMso4=
-1,18,zrKmcCVuVbjYZpaSXFeOsCnZWGU=,1NRxYMNoq1AsZDlbMVqSvyrh3gw=
-16,26,zrKmcCVuVbjYZpaSXFeOsCnZWGU=,h6t5HFE4iTPO/n3fKYblDIIbPHk=
-2,22,zrKmcCVuVbjYZpaSXFeOsCnZWGU=,8zoQdjA4g5O0WvNHh/PUDhXMso4=
-1,19,zrKmcCVuVbjYZpaSXFeOsCnZWGU=,1NRxYMNoq1AsZDlbMVqSvyrh3gw=
-14,20,zrKmcCVuVbjYZpaSXFeOsCnZWGU=,PEl68AJ4zp5SkYJd9MOe8ZBKb/U=
-15,20,zrKmcCVuVbjYZpaSXFeOsCnZWGU=,PEl68AJ4zp5SkYJd9MOe8ZBKb/U=
-12,24,zrKmcCVuVbjYZpaSXFeOsCnZWGU=,UuMJCx7DUMzOmV3casWZD1fTAYA=
-16,23,zrKmcCVuVbjYZpaSXFeOsCnZWGU=,PEl68AJ4zp5SkYJd9MOe8ZBKb/U=
-15,23,zrKmcCVuVbjYZpaSXFeOsCnZWGU=,PEl68AJ4zp5SkYJd9MOe8ZBKb/U=
-16,25,zrKmcCVuVbjYZpaSXFeOsCnZWGU=,h6t5HFE4iTPO/n3fKYblDIIbPHk=
-14,23,zrKmcCVuVbjYZpaSXFeOsCnZWGU=,PEl68AJ4zp5SkYJd9MOe8ZBKb/U=
-16,21,zrKmcCVuVbjYZpaSXFeOsCnZWGU=,PEl68AJ4zp5SkYJd9MOe8ZBKb/U=
-14,21,zrKmcCVuVbjYZpaSXFeOsCnZWGU=,PEl68AJ4zp5SkYJd9MOe8ZBKb/U=
-13,21,zrKmcCVuVbjYZpaSXFeOsCnZWGU=,PEl68AJ4zp5SkYJd9MOe8ZBKb/U=
-16,22,zrKmcCVuVbjYZpaSXFeOsCnZWGU=,PEl68AJ4zp5SkYJd9MOe8ZBKb/U=
-13,24,zrKmcCVuVbjYZpaSXFeOsCnZWGU=,h6t5HFE4iTPO/n3fKYblDIIbPHk=
-13,23,zrKmcCVuVbjYZpaSXFeOsCnZWGU=,PEl68AJ4zp5SkYJd9MOe8ZBKb/U=
-16,24,zrKmcCVuVbjYZpaSXFeOsCnZWGU=,h6t5HFE4iTPO/n3fKYblDIIbPHk=
-15,24,zrKmcCVuVbjYZpaSXFeOsCnZWGU=,h6t5HFE4iTPO/n3fKYblDIIbPHk=
-15,22,zrKmcCVuVbjYZpaSXFeOsCnZWGU=,PEl68AJ4zp5SkYJd9MOe8ZBKb/U=
-15,21,zrKmcCVuVbjYZpaSXFeOsCnZWGU=,PEl68AJ4zp5SkYJd9MOe8ZBKb/U=
-14,22,zrKmcCVuVbjYZpaSXFeOsCnZWGU=,PEl68AJ4zp5SkYJd9MOe8ZBKb/U=
-13,22,zrKmcCVuVbjYZpaSXFeOsCnZWGU=,PEl68AJ4zp5SkYJd9MOe8ZBKb/U=
-14,24,zrKmcCVuVbjYZpaSXFeOsCnZWGU=,h6t5HFE4iTPO/n3fKYblDIIbPHk=
-16,30,zrKmcCVuVbjYZpaSXFeOsCnZWGU=,MjTkWH9kW963EAaY1Gf4U+kshkM=
-16,29,zrKmcCVuVbjYZpaSXFeOsCnZWGU=,MjTkWH9kW963EAaY1Gf4U+kshkM=
-1,23,zrKmcCVuVbjYZpaSXFeOsCnZWGU=,8zoQdjA4g5O0WvNHh/PUDhXMso4=
-12,17,zrKmcCVuVbjYZpaSXFeOsCnZWGU=,bUwKg9sEmwtYKwBRIKw5C5Ub4Gg=
-11,17,zrKmcCVuVbjYZpaSXFeOsCnZWGU=,bUwKg9sEmwtYKwBRIKw5C5Ub4Gg=
-13,20,zrKmcCVuVbjYZpaSXFeOsCnZWGU=,PEl68AJ4zp5SkYJd9MOe8ZBKb/U=
-10,17,zrKmcCVuVbjYZpaSXFeOsCnZWGU=,bUwKg9sEmwtYKwBRIKw5C5Ub4Gg=
-12,18,zrKmcCVuVbjYZpaSXFeOsCnZWGU=,bUwKg9sEmwtYKwBRIKw5C5Ub4Gg=
-11,19,zrKmcCVuVbjYZpaSXFeOsCnZWGU=,bUwKg9sEmwtYKwBRIKw5C5Ub4Gg=
-12,19,zrKmcCVuVbjYZpaSXFeOsCnZWGU=,bUwKg9sEmwtYKwBRIKw5C5Ub4Gg=
-10,19,zrKmcCVuVbjYZpaSXFeOsCnZWGU=,bUwKg9sEmwtYKwBRIKw5C5Ub4Gg=
-12,16,zrKmcCVuVbjYZpaSXFeOsCnZWGU=,bUwKg9sEmwtYKwBRIKw5C5Ub4Gg=
-10,16,zrKmcCVuVbjYZpaSXFeOsCnZWGU=,bUwKg9sEmwtYKwBRIKw5C5Ub4Gg=
-11,18,zrKmcCVuVbjYZpaSXFeOsCnZWGU=,bUwKg9sEmwtYKwBRIKw5C5Ub4Gg=
-8,19,zrKmcCVuVbjYZpaSXFeOsCnZWGU=,kMRuLohz+y/xJV8R8bAVecvuG1I=
-11,16,zrKmcCVuVbjYZpaSXFeOsCnZWGU=,bUwKg9sEmwtYKwBRIKw5C5Ub4Gg=
-8,20,zrKmcCVuVbjYZpaSXFeOsCnZWGU=,r43byYwA5XjUm1QWua/C6Y5BcHw=
-9,19,zrKmcCVuVbjYZpaSXFeOsCnZWGU=,bUwKg9sEmwtYKwBRIKw5C5Ub4Gg=
-10,18,zrKmcCVuVbjYZpaSXFeOsCnZWGU=,bUwKg9sEmwtYKwBRIKw5C5Ub4Gg=
-16,31,zrKmcCVuVbjYZpaSXFeOsCnZWGU=,MjTkWH9kW963EAaY1Gf4U+kshkM=
-16,20,zrKmcCVuVbjYZpaSXFeOsCnZWGU=,PEl68AJ4zp5SkYJd9MOe8ZBKb/U=
-15,31,zrKmcCVuVbjYZpaSXFeOsCnZWGU=,MjTkWH9kW963EAaY1Gf4U+kshkM=
-3,26,zrKmcCVuVbjYZpaSXFeOsCnZWGU=,qhP/OE8eGByw3Mi9Jz69aSgt8MQ=
-14,31,zrKmcCVuVbjYZpaSXFeOsCnZWGU=,MjTkWH9kW963EAaY1Gf4U+kshkM=
-2,27,zrKmcCVuVbjYZpaSXFeOsCnZWGU=,qhP/OE8eGByw3Mi9Jz69aSgt8MQ=
-3,27,zrKmcCVuVbjYZpaSXFeOsCnZWGU=,qhP/OE8eGByw3Mi9Jz69aSgt8MQ=
-9,31,zrKmcCVuVbjYZpaSXFeOsCnZWGU=,WSJAH6q8SeMYlU71nNAMEaNb2xQ=
-12,31,zrKmcCVuVbjYZpaSXFeOsCnZWGU=,WSJAH6q8SeMYlU71nNAMEaNb2xQ=
-11,31,zrKmcCVuVbjYZpaSXFeOsCnZWGU=,WSJAH6q8SeMYlU71nNAMEaNb2xQ=
-13,31,zrKmcCVuVbjYZpaSXFeOsCnZWGU=,MjTkWH9kW963EAaY1Gf4U+kshkM=
-8,31,zrKmcCVuVbjYZpaSXFeOsCnZWGU=,aGi4B5EiePXzyP3boolHZHaPOcI=
-10,31,zrKmcCVuVbjYZpaSXFeOsCnZWGU=,WSJAH6q8SeMYlU71nNAMEaNb2xQ=
-16,27,zrKmcCVuVbjYZpaSXFeOsCnZWGU=,h6t5HFE4iTPO/n3fKYblDIIbPHk=
-1,27,zrKmcCVuVbjYZpaSXFeOsCnZWGU=,qhP/OE8eGByw3Mi9Jz69aSgt8MQ=
-7,16,zrKmcCVuVbjYZpaSXFeOsCnZWGU=,kMRuLohz+y/xJV8R8bAVecvuG1I=
-9,18,zrKmcCVuVbjYZpaSXFeOsCnZWGU=,bUwKg9sEmwtYKwBRIKw5C5Ub4Gg=
-5,16,zrKmcCVuVbjYZpaSXFeOsCnZWGU=,kMRuLohz+y/xJV8R8bAVecvuG1I=
-4,16,zrKmcCVuVbjYZpaSXFeOsCnZWGU=,1NRxYMNoq1AsZDlbMVqSvyrh3gw=
-1,16,zrKmcCVuVbjYZpaSXFeOsCnZWGU=,1NRxYMNoq1AsZDlbMVqSvyrh3gw=
-7,20,zrKmcCVuVbjYZpaSXFeOsCnZWGU=,r43byYwA5XjUm1QWua/C6Y5BcHw=
-1,17,zrKmcCVuVbjYZpaSXFeOsCnZWGU=,1NRxYMNoq1AsZDlbMVqSvyrh3gw=
-6,16,zrKmcCVuVbjYZpaSXFeOsCnZWGU=,kMRuLohz+y/xJV8R8bAVecvuG1I=
-8,17,zrKmcCVuVbjYZpaSXFeOsCnZWGU=,kMRuLohz+y/xJV8R8bAVecvuG1I=
-16,28,zrKmcCVuVbjYZpaSXFeOsCnZWGU=,MjTkWH9kW963EAaY1Gf4U+kshkM=
-3,31,zrKmcCVuVbjYZpaSXFeOsCnZWGU=,YGISQTDGUZHg1O95BC55WX32f5U=
-2,30,zrKmcCVuVbjYZpaSXFeOsCnZWGU=,YGISQTDGUZHg1O95BC55WX32f5U=
-8,18,zrKmcCVuVbjYZpaSXFeOsCnZWGU=,kMRuLohz+y/xJV8R8bAVecvuG1I=
-1,30,zrKmcCVuVbjYZpaSXFeOsCnZWGU=,YGISQTDGUZHg1O95BC55WX32f5U=
-8,16,zrKmcCVuVbjYZpaSXFeOsCnZWGU=,kMRuLohz+y/xJV8R8bAVecvuG1I=
-2,31,zrKmcCVuVbjYZpaSXFeOsCnZWGU=,YGISQTDGUZHg1O95BC55WX32f5U=
-1,28,zrKmcCVuVbjYZpaSXFeOsCnZWGU=,YGISQTDGUZHg1O95BC55WX32f5U=
-9,16,zrKmcCVuVbjYZpaSXFeOsCnZWGU=,bUwKg9sEmwtYKwBRIKw5C5Ub4Gg=
-9,17,zrKmcCVuVbjYZpaSXFeOsCnZWGU=,bUwKg9sEmwtYKwBRIKw5C5Ub4Gg=
-7,19,zrKmcCVuVbjYZpaSXFeOsCnZWGU=,kMRuLohz+y/xJV8R8bAVecvuG1I=
-2,28,zrKmcCVuVbjYZpaSXFeOsCnZWGU=,YGISQTDGUZHg1O95BC55WX32f5U=
-1,29,zrKmcCVuVbjYZpaSXFeOsCnZWGU=,YGISQTDGUZHg1O95BC55WX32f5U=
-3,29,zrKmcCVuVbjYZpaSXFeOsCnZWGU=,YGISQTDGUZHg1O95BC55WX32f5U=
-7,18,zrKmcCVuVbjYZpaSXFeOsCnZWGU=,kMRuLohz+y/xJV8R8bAVecvuG1I=
-2,29,zrKmcCVuVbjYZpaSXFeOsCnZWGU=,YGISQTDGUZHg1O95BC55WX32f5U=
-3,5,zrKmcCVuVbjYZpaSXFeOsCnZWGU=,rVAtkZ2BqHyfN/vUcV/ZGNR2MME=
-2,6,y+pDWeh1BNGmJP7hhkORVcB1VW8=,rVAtkZ2BqHyfN/vUcV/ZGNR2MME=
-3,6,y+pDWeh1BNGmJP7hhkORVcB1VW8=,rVAtkZ2BqHyfN/vUcV/ZGNR2MME=
-2,5,y+pDWeh1BNGmJP7hhkORVcB1VW8=,rVAtkZ2BqHyfN/vUcV/ZGNR2MME=
-1,1,jiT5W7aBuqHhO4kIrLGgV6PHiH0=,KYqymUhe8ErxFkNv8AbRaNWkBuc=
-4,1,jiT5W7aBuqHhO4kIrLGgV6PHiH0=,KYqymUhe8ErxFkNv8AbRaNWkBuc=
-7,1,jiT5W7aBuqHhO4kIrLGgV6PHiH0=,bFHKUnEoQI3bMnpLFFrHWodjJuU=
-6,1,c/mDdzOnYusO5lS9z6Skig1k/zo=,bFHKUnEoQI3bMnpLFFrHWodjJuU=
-7,2,c/mDdzOnYusO5lS9z6Skig1k/zo=,bFHKUnEoQI3bMnpLFFrHWodjJuU=
-5,1,c/mDdzOnYusO5lS9z6Skig1k/zo=,bFHKUnEoQI3bMnpLFFrHWodjJuU=
-5,2,c/mDdzOnYusO5lS9z6Skig1k/zo=,bFHKUnEoQI3bMnpLFFrHWodjJuU=
-4,4,c/mDdzOnYusO5lS9z6Skig1k/zo=,rVAtkZ2BqHyfN/vUcV/ZGNR2MME=
-6,2,c/mDdzOnYusO5lS9z6Skig1k/zo=,bFHKUnEoQI3bMnpLFFrHWodjJuU=
-6,6,c/mDdzOnYusO5lS9z6Skig1k/zo=,937wFWBETOQBOSvlBHMAuuXWFRw=
-5,5,c/mDdzOnYusO5lS9z6Skig1k/zo=,937wFWBETOQBOSvlBHMAuuXWFRw=
-5,6,c/mDdzOnYusO5lS9z6Skig1k/zo=,937wFWBETOQBOSvlBHMAuuXWFRw=
-4,6,c/mDdzOnYusO5lS9z6Skig1k/zo=,rVAtkZ2BqHyfN/vUcV/ZGNR2MME=
-4,5,c/mDdzOnYusO5lS9z6Skig1k/zo=,rVAtkZ2BqHyfN/vUcV/ZGNR2MME=
-6,5,c/mDdzOnYusO5lS9z6Skig1k/zo=,937wFWBETOQBOSvlBHMAuuXWFRw=
-5,4,c/mDdzOnYusO5lS9z6Skig1k/zo=,937wFWBETOQBOSvlBHMAuuXWFRw=
-14,1,c/mDdzOnYusO5lS9z6Skig1k/zo=,3GT6ULYThhg+yU0mC3YX7GvFKIY=
-4,2,c/mDdzOnYusO5lS9z6Skig1k/zo=,KYqymUhe8ErxFkNv8AbRaNWkBuc=
-15,1,c/mDdzOnYusO5lS9z6Skig1k/zo=,3GT6ULYThhg+yU0mC3YX7GvFKIY=
-15,2,c/mDdzOnYusO5lS9z6Skig1k/zo=,3GT6ULYThhg+yU0mC3YX7GvFKIY=
-3,4,c/mDdzOnYusO5lS9z6Skig1k/zo=,rVAtkZ2BqHyfN/vUcV/ZGNR2MME=
-6,4,c/mDdzOnYusO5lS9z6Skig1k/zo=,937wFWBETOQBOSvlBHMAuuXWFRw=
-4,3,c/mDdzOnYusO5lS9z6Skig1k/zo=,KYqymUhe8ErxFkNv8AbRaNWkBuc=
-14,2,c/mDdzOnYusO5lS9z6Skig1k/zo=,3GT6ULYThhg+yU0mC3YX7GvFKIY=
-11,10,c/mDdzOnYusO5lS9z6Skig1k/zo=,2BhhaYnkCZOXtb8PUfKJ91cN/j4=
-10,10,c/mDdzOnYusO5lS9z6Skig1k/zo=,2BhhaYnkCZOXtb8PUfKJ91cN/j4=
-11,9,c/mDdzOnYusO5lS9z6Skig1k/zo=,2BhhaYnkCZOXtb8PUfKJ91cN/j4=
-10,9,c/mDdzOnYusO5lS9z6Skig1k/zo=,2BhhaYnkCZOXtb8PUfKJ91cN/j4=
-6,3,c/mDdzOnYusO5lS9z6Skig1k/zo=,bFHKUnEoQI3bMnpLFFrHWodjJuU=
-12,10,c/mDdzOnYusO5lS9z6Skig1k/zo=,2BhhaYnkCZOXtb8PUfKJ91cN/j4=
-14,9,c/mDdzOnYusO5lS9z6Skig1k/zo=,7TGzV8bJar4BAb7iHEouYzCiEFQ=
-13,9,c/mDdzOnYusO5lS9z6Skig1k/zo=,7TGzV8bJar4BAb7iHEouYzCiEFQ=
-14,10,c/mDdzOnYusO5lS9z6Skig1k/zo=,7TGzV8bJar4BAb7iHEouYzCiEFQ=
-15,9,c/mDdzOnYusO5lS9z6Skig1k/zo=,7TGzV8bJar4BAb7iHEouYzCiEFQ=
-15,10,c/mDdzOnYusO5lS9z6Skig1k/zo=,7TGzV8bJar4BAb7iHEouYzCiEFQ=
-13,10,c/mDdzOnYusO5lS9z6Skig1k/zo=,7TGzV8bJar4BAb7iHEouYzCiEFQ=
-13,1,c/mDdzOnYusO5lS9z6Skig1k/zo=,3GT6ULYThhg+yU0mC3YX7GvFKIY=
-8,1,c/mDdzOnYusO5lS9z6Skig1k/zo=,bFHKUnEoQI3bMnpLFFrHWodjJuU=
-13,2,c/mDdzOnYusO5lS9z6Skig1k/zo=,3GT6ULYThhg+yU0mC3YX7GvFKIY=
-8,2,c/mDdzOnYusO5lS9z6Skig1k/zo=,bFHKUnEoQI3bMnpLFFrHWodjJuU=
-12,1,c/mDdzOnYusO5lS9z6Skig1k/zo=,jTprLN8dU4ClrC5A016D8nNUb3M=
-12,9,c/mDdzOnYusO5lS9z6Skig1k/zo=,2BhhaYnkCZOXtb8PUfKJ91cN/j4=
-11,1,c/mDdzOnYusO5lS9z6Skig1k/zo=,jTprLN8dU4ClrC5A016D8nNUb3M=
-12,2,c/mDdzOnYusO5lS9z6Skig1k/zo=,jTprLN8dU4ClrC5A016D8nNUb3M=
-15,14,c/mDdzOnYusO5lS9z6Skig1k/zo=,8Eb710hcQUdCp24xMdYBTdlCFvE=
-5,3,c/mDdzOnYusO5lS9z6Skig1k/zo=,bFHKUnEoQI3bMnpLFFrHWodjJuU=
-14,14,c/mDdzOnYusO5lS9z6Skig1k/zo=,8Eb710hcQUdCp24xMdYBTdlCFvE=
-15,11,c/mDdzOnYusO5lS9z6Skig1k/zo=,7TGzV8bJar4BAb7iHEouYzCiEFQ=
-14,11,c/mDdzOnYusO5lS9z6Skig1k/zo=,7TGzV8bJar4BAb7iHEouYzCiEFQ=
-14,12,c/mDdzOnYusO5lS9z6Skig1k/zo=,8Eb710hcQUdCp24xMdYBTdlCFvE=
-15,12,c/mDdzOnYusO5lS9z6Skig1k/zo=,8Eb710hcQUdCp24xMdYBTdlCFvE=
-15,13,c/mDdzOnYusO5lS9z6Skig1k/zo=,8Eb710hcQUdCp24xMdYBTdlCFvE=
-14,3,c/mDdzOnYusO5lS9z6Skig1k/zo=,3GT6ULYThhg+yU0mC3YX7GvFKIY=
-14,13,c/mDdzOnYusO5lS9z6Skig1k/zo=,8Eb710hcQUdCp24xMdYBTdlCFvE=
-15,3,c/mDdzOnYusO5lS9z6Skig1k/zo=,3GT6ULYThhg+yU0mC3YX7GvFKIY=
-13,13,c/mDdzOnYusO5lS9z6Skig1k/zo=,8Eb710hcQUdCp24xMdYBTdlCFvE=
-10,13,c/mDdzOnYusO5lS9z6Skig1k/zo=,FfGv5I1+Me/WdJr1lGim/EhTvfo=
-13,12,c/mDdzOnYusO5lS9z6Skig1k/zo=,8Eb710hcQUdCp24xMdYBTdlCFvE=
-12,12,c/mDdzOnYusO5lS9z6Skig1k/zo=,FfGv5I1+Me/WdJr1lGim/EhTvfo=
-7,7,c/mDdzOnYusO5lS9z6Skig1k/zo=,937wFWBETOQBOSvlBHMAuuXWFRw=
-11,12,c/mDdzOnYusO5lS9z6Skig1k/zo=,FfGv5I1+Me/WdJr1lGim/EhTvfo=
-10,12,c/mDdzOnYusO5lS9z6Skig1k/zo=,FfGv5I1+Me/WdJr1lGim/EhTvfo=
-6,7,c/mDdzOnYusO5lS9z6Skig1k/zo=,937wFWBETOQBOSvlBHMAuuXWFRw=
-9,10,c/mDdzOnYusO5lS9z6Skig1k/zo=,2BhhaYnkCZOXtb8PUfKJ91cN/j4=
-10,11,c/mDdzOnYusO5lS9z6Skig1k/zo=,2BhhaYnkCZOXtb8PUfKJ91cN/j4=
-9,9,c/mDdzOnYusO5lS9z6Skig1k/zo=,2BhhaYnkCZOXtb8PUfKJ91cN/j4=
-10,14,c/mDdzOnYusO5lS9z6Skig1k/zo=,FfGv5I1+Me/WdJr1lGim/EhTvfo=
-12,14,c/mDdzOnYusO5lS9z6Skig1k/zo=,FfGv5I1+Me/WdJr1lGim/EhTvfo=
-12,13,c/mDdzOnYusO5lS9z6Skig1k/zo=,FfGv5I1+Me/WdJr1lGim/EhTvfo=
-12,11,c/mDdzOnYusO5lS9z6Skig1k/zo=,2BhhaYnkCZOXtb8PUfKJ91cN/j4=
-13,14,c/mDdzOnYusO5lS9z6Skig1k/zo=,8Eb710hcQUdCp24xMdYBTdlCFvE=
-11,11,c/mDdzOnYusO5lS9z6Skig1k/zo=,2BhhaYnkCZOXtb8PUfKJ91cN/j4=
-13,11,c/mDdzOnYusO5lS9z6Skig1k/zo=,7TGzV8bJar4BAb7iHEouYzCiEFQ=
-11,14,c/mDdzOnYusO5lS9z6Skig1k/zo=,FfGv5I1+Me/WdJr1lGim/EhTvfo=
-11,13,c/mDdzOnYusO5lS9z6Skig1k/zo=,FfGv5I1+Me/WdJr1lGim/EhTvfo=
-8,7,c/mDdzOnYusO5lS9z6Skig1k/zo=,937wFWBETOQBOSvlBHMAuuXWFRw=
-3,3,c/mDdzOnYusO5lS9z6Skig1k/zo=,KYqymUhe8ErxFkNv8AbRaNWkBuc=
-11,8,c/mDdzOnYusO5lS9z6Skig1k/zo=,2BhhaYnkCZOXtb8PUfKJ91cN/j4=
-12,8,c/mDdzOnYusO5lS9z6Skig1k/zo=,2BhhaYnkCZOXtb8PUfKJ91cN/j4=
-14,6,c/mDdzOnYusO5lS9z6Skig1k/zo=,XFAb/CBQYtFuylecPsCfYLuF3YI=
-14,8,c/mDdzOnYusO5lS9z6Skig1k/zo=,7TGzV8bJar4BAb7iHEouYzCiEFQ=
-13,6,c/mDdzOnYusO5lS9z6Skig1k/zo=,XFAb/CBQYtFuylecPsCfYLuF3YI=
-9,5,c/mDdzOnYusO5lS9z6Skig1k/zo=,EUwrCpKKNJXlXvQTap9TEu8l9VI=
-12,5,c/mDdzOnYusO5lS9z6Skig1k/zo=,EUwrCpKKNJXlXvQTap9TEu8l9VI=
-13,8,c/mDdzOnYusO5lS9z6Skig1k/zo=,7TGzV8bJar4BAb7iHEouYzCiEFQ=
-9,8,c/mDdzOnYusO5lS9z6Skig1k/zo=,2BhhaYnkCZOXtb8PUfKJ91cN/j4=
-10,8,c/mDdzOnYusO5lS9z6Skig1k/zo=,2BhhaYnkCZOXtb8PUfKJ91cN/j4=
-7,3,c/mDdzOnYusO5lS9z6Skig1k/zo=,bFHKUnEoQI3bMnpLFFrHWodjJuU=
-10,3,c/mDdzOnYusO5lS9z6Skig1k/zo=,jTprLN8dU4ClrC5A016D8nNUb3M=
-11,5,c/mDdzOnYusO5lS9z6Skig1k/zo=,EUwrCpKKNJXlXvQTap9TEu8l9VI=
-7,6,c/mDdzOnYusO5lS9z6Skig1k/zo=,937wFWBETOQBOSvlBHMAuuXWFRw=
-9,7,c/mDdzOnYusO5lS9z6Skig1k/zo=,EUwrCpKKNJXlXvQTap9TEu8l9VI=
-14,5,c/mDdzOnYusO5lS9z6Skig1k/zo=,XFAb/CBQYtFuylecPsCfYLuF3YI=
-14,7,c/mDdzOnYusO5lS9z6Skig1k/zo=,XFAb/CBQYtFuylecPsCfYLuF3YI=
-9,4,c/mDdzOnYusO5lS9z6Skig1k/zo=,EUwrCpKKNJXlXvQTap9TEu8l9VI=
-14,4,c/mDdzOnYusO5lS9z6Skig1k/zo=,XFAb/CBQYtFuylecPsCfYLuF3YI=
-10,4,c/mDdzOnYusO5lS9z6Skig1k/zo=,EUwrCpKKNJXlXvQTap9TEu8l9VI=
-10,5,c/mDdzOnYusO5lS9z6Skig1k/zo=,EUwrCpKKNJXlXvQTap9TEu8l9VI=
-13,3,c/mDdzOnYusO5lS9z6Skig1k/zo=,3GT6ULYThhg+yU0mC3YX7GvFKIY=
-12,6,c/mDdzOnYusO5lS9z6Skig1k/zo=,EUwrCpKKNJXlXvQTap9TEu8l9VI=
-7,4,c/mDdzOnYusO5lS9z6Skig1k/zo=,937wFWBETOQBOSvlBHMAuuXWFRw=
-13,7,c/mDdzOnYusO5lS9z6Skig1k/zo=,XFAb/CBQYtFuylecPsCfYLuF3YI=
-13,4,c/mDdzOnYusO5lS9z6Skig1k/zo=,XFAb/CBQYtFuylecPsCfYLuF3YI=
-13,5,c/mDdzOnYusO5lS9z6Skig1k/zo=,XFAb/CBQYtFuylecPsCfYLuF3YI=
-11,7,c/mDdzOnYusO5lS9z6Skig1k/zo=,EUwrCpKKNJXlXvQTap9TEu8l9VI=
-8,5,c/mDdzOnYusO5lS9z6Skig1k/zo=,937wFWBETOQBOSvlBHMAuuXWFRw=
-11,2,c/mDdzOnYusO5lS9z6Skig1k/zo=,jTprLN8dU4ClrC5A016D8nNUb3M=
-9,12,c/mDdzOnYusO5lS9z6Skig1k/zo=,FfGv5I1+Me/WdJr1lGim/EhTvfo=
-9,13,c/mDdzOnYusO5lS9z6Skig1k/zo=,FfGv5I1+Me/WdJr1lGim/EhTvfo=
-12,3,c/mDdzOnYusO5lS9z6Skig1k/zo=,jTprLN8dU4ClrC5A016D8nNUb3M=
-6,12,c/mDdzOnYusO5lS9z6Skig1k/zo=,erHyj7wslpVNGdSDSueo5gA8QoA=
-9,11,c/mDdzOnYusO5lS9z6Skig1k/zo=,2BhhaYnkCZOXtb8PUfKJ91cN/j4=
-8,13,c/mDdzOnYusO5lS9z6Skig1k/zo=,erHyj7wslpVNGdSDSueo5gA8QoA=
-8,12,c/mDdzOnYusO5lS9z6Skig1k/zo=,erHyj7wslpVNGdSDSueo5gA8QoA=
-7,13,c/mDdzOnYusO5lS9z6Skig1k/zo=,erHyj7wslpVNGdSDSueo5gA8QoA=
-9,14,c/mDdzOnYusO5lS9z6Skig1k/zo=,FfGv5I1+Me/WdJr1lGim/EhTvfo=
-7,12,c/mDdzOnYusO5lS9z6Skig1k/zo=,erHyj7wslpVNGdSDSueo5gA8QoA=
-8,3,c/mDdzOnYusO5lS9z6Skig1k/zo=,bFHKUnEoQI3bMnpLFFrHWodjJuU=
-6,13,c/mDdzOnYusO5lS9z6Skig1k/zo=,erHyj7wslpVNGdSDSueo5gA8QoA=
-10,6,c/mDdzOnYusO5lS9z6Skig1k/zo=,EUwrCpKKNJXlXvQTap9TEu8l9VI=
-9,6,c/mDdzOnYusO5lS9z6Skig1k/zo=,EUwrCpKKNJXlXvQTap9TEu8l9VI=
-10,7,c/mDdzOnYusO5lS9z6Skig1k/zo=,EUwrCpKKNJXlXvQTap9TEu8l9VI=
-8,4,c/mDdzOnYusO5lS9z6Skig1k/zo=,937wFWBETOQBOSvlBHMAuuXWFRw=
-10,2,c/mDdzOnYusO5lS9z6Skig1k/zo=,jTprLN8dU4ClrC5A016D8nNUb3M=
-2,13,c/mDdzOnYusO5lS9z6Skig1k/zo=,TnjJgKeliCcYc10TCFUkIib7UKY=
-2,14,c/mDdzOnYusO5lS9z6Skig1k/zo=,TnjJgKeliCcYc10TCFUkIib7UKY=
-5,13,c/mDdzOnYusO5lS9z6Skig1k/zo=,erHyj7wslpVNGdSDSueo5gA8QoA=
-12,4,c/mDdzOnYusO5lS9z6Skig1k/zo=,EUwrCpKKNJXlXvQTap9TEu8l9VI=
-11,6,c/mDdzOnYusO5lS9z6Skig1k/zo=,EUwrCpKKNJXlXvQTap9TEu8l9VI=
-12,7,c/mDdzOnYusO5lS9z6Skig1k/zo=,EUwrCpKKNJXlXvQTap9TEu8l9VI=
-2,15,c/mDdzOnYusO5lS9z6Skig1k/zo=,TnjJgKeliCcYc10TCFUkIib7UKY=
-3,15,c/mDdzOnYusO5lS9z6Skig1k/zo=,TnjJgKeliCcYc10TCFUkIib7UKY=
-11,4,c/mDdzOnYusO5lS9z6Skig1k/zo=,EUwrCpKKNJXlXvQTap9TEu8l9VI=
-11,3,c/mDdzOnYusO5lS9z6Skig1k/zo=,jTprLN8dU4ClrC5A016D8nNUb3M=
-7,5,c/mDdzOnYusO5lS9z6Skig1k/zo=,937wFWBETOQBOSvlBHMAuuXWFRw=
-6,15,c/mDdzOnYusO5lS9z6Skig1k/zo=,erHyj7wslpVNGdSDSueo5gA8QoA=
-3,14,c/mDdzOnYusO5lS9z6Skig1k/zo=,TnjJgKeliCcYc10TCFUkIib7UKY=
-5,15,c/mDdzOnYusO5lS9z6Skig1k/zo=,erHyj7wslpVNGdSDSueo5gA8QoA=
-9,3,c/mDdzOnYusO5lS9z6Skig1k/zo=,jTprLN8dU4ClrC5A016D8nNUb3M=
-4,15,c/mDdzOnYusO5lS9z6Skig1k/zo=,TnjJgKeliCcYc10TCFUkIib7UKY=
-4,8,c/mDdzOnYusO5lS9z6Skig1k/zo=,DxpCK/yCt3mb3oi6gQ5bFg39mO4=
-4,11,c/mDdzOnYusO5lS9z6Skig1k/zo=,DxpCK/yCt3mb3oi6gQ5bFg39mO4=
-3,8,c/mDdzOnYusO5lS9z6Skig1k/zo=,DxpCK/yCt3mb3oi6gQ5bFg39mO4=
-5,7,c/mDdzOnYusO5lS9z6Skig1k/zo=,937wFWBETOQBOSvlBHMAuuXWFRw=
-4,9,c/mDdzOnYusO5lS9z6Skig1k/zo=,DxpCK/yCt3mb3oi6gQ5bFg39mO4=
-3,9,c/mDdzOnYusO5lS9z6Skig1k/zo=,DxpCK/yCt3mb3oi6gQ5bFg39mO4=
-2,7,c/mDdzOnYusO5lS9z6Skig1k/zo=,rVAtkZ2BqHyfN/vUcV/ZGNR2MME=
-5,12,c/mDdzOnYusO5lS9z6Skig1k/zo=,erHyj7wslpVNGdSDSueo5gA8QoA=
-3,7,c/mDdzOnYusO5lS9z6Skig1k/zo=,rVAtkZ2BqHyfN/vUcV/ZGNR2MME=
-4,7,c/mDdzOnYusO5lS9z6Skig1k/zo=,rVAtkZ2BqHyfN/vUcV/ZGNR2MME=
-3,10,c/mDdzOnYusO5lS9z6Skig1k/zo=,DxpCK/yCt3mb3oi6gQ5bFg39mO4=
-4,10,c/mDdzOnYusO5lS9z6Skig1k/zo=,DxpCK/yCt3mb3oi6gQ5bFg39mO4=
-9,2,c/mDdzOnYusO5lS9z6Skig1k/zo=,jTprLN8dU4ClrC5A016D8nNUb3M=
-4,12,c/mDdzOnYusO5lS9z6Skig1k/zo=,TnjJgKeliCcYc10TCFUkIib7UKY=
-1,14,c/mDdzOnYusO5lS9z6Skig1k/zo=,TnjJgKeliCcYc10TCFUkIib7UKY=
-6,14,c/mDdzOnYusO5lS9z6Skig1k/zo=,erHyj7wslpVNGdSDSueo5gA8QoA=
-8,6,c/mDdzOnYusO5lS9z6Skig1k/zo=,937wFWBETOQBOSvlBHMAuuXWFRw=
-16,14,c/mDdzOnYusO5lS9z6Skig1k/zo=,8Eb710hcQUdCp24xMdYBTdlCFvE=
-16,13,c/mDdzOnYusO5lS9z6Skig1k/zo=,8Eb710hcQUdCp24xMdYBTdlCFvE=
-4,13,c/mDdzOnYusO5lS9z6Skig1k/zo=,TnjJgKeliCcYc10TCFUkIib7UKY=
-3,11,c/mDdzOnYusO5lS9z6Skig1k/zo=,DxpCK/yCt3mb3oi6gQ5bFg39mO4=
-1,15,c/mDdzOnYusO5lS9z6Skig1k/zo=,TnjJgKeliCcYc10TCFUkIib7UKY=
-5,14,c/mDdzOnYusO5lS9z6Skig1k/zo=,erHyj7wslpVNGdSDSueo5gA8QoA=
-16,1,c/mDdzOnYusO5lS9z6Skig1k/zo=,3GT6ULYThhg+yU0mC3YX7GvFKIY=
-1,5,c/mDdzOnYusO5lS9z6Skig1k/zo=,rVAtkZ2BqHyfN/vUcV/ZGNR2MME=
-16,10,c/mDdzOnYusO5lS9z6Skig1k/zo=,7TGzV8bJar4BAb7iHEouYzCiEFQ=
-16,2,c/mDdzOnYusO5lS9z6Skig1k/zo=,3GT6ULYThhg+yU0mC3YX7GvFKIY=
-16,11,c/mDdzOnYusO5lS9z6Skig1k/zo=,7TGzV8bJar4BAb7iHEouYzCiEFQ=
-16,12,c/mDdzOnYusO5lS9z6Skig1k/zo=,8Eb710hcQUdCp24xMdYBTdlCFvE=
-4,14,c/mDdzOnYusO5lS9z6Skig1k/zo=,TnjJgKeliCcYc10TCFUkIib7UKY=
-3,2,c/mDdzOnYusO5lS9z6Skig1k/zo=,KYqymUhe8ErxFkNv8AbRaNWkBuc=
-2,9,c/mDdzOnYusO5lS9z6Skig1k/zo=,DxpCK/yCt3mb3oi6gQ5bFg39mO4=
-1,2,c/mDdzOnYusO5lS9z6Skig1k/zo=,KYqymUhe8ErxFkNv8AbRaNWkBuc=
-2,8,c/mDdzOnYusO5lS9z6Skig1k/zo=,DxpCK/yCt3mb3oi6gQ5bFg39mO4=
-3,12,c/mDdzOnYusO5lS9z6Skig1k/zo=,TnjJgKeliCcYc10TCFUkIib7UKY=
-1,13,c/mDdzOnYusO5lS9z6Skig1k/zo=,TnjJgKeliCcYc10TCFUkIib7UKY=
-2,12,c/mDdzOnYusO5lS9z6Skig1k/zo=,TnjJgKeliCcYc10TCFUkIib7UKY=
-3,13,c/mDdzOnYusO5lS9z6Skig1k/zo=,TnjJgKeliCcYc10TCFUkIib7UKY=
-16,3,c/mDdzOnYusO5lS9z6Skig1k/zo=,3GT6ULYThhg+yU0mC3YX7GvFKIY=
-16,9,c/mDdzOnYusO5lS9z6Skig1k/zo=,7TGzV8bJar4BAb7iHEouYzCiEFQ=
-15,6,c/mDdzOnYusO5lS9z6Skig1k/zo=,XFAb/CBQYtFuylecPsCfYLuF3YI=
-1,12,c/mDdzOnYusO5lS9z6Skig1k/zo=,TnjJgKeliCcYc10TCFUkIib7UKY=
-2,4,c/mDdzOnYusO5lS9z6Skig1k/zo=,rVAtkZ2BqHyfN/vUcV/ZGNR2MME=
-1,4,c/mDdzOnYusO5lS9z6Skig1k/zo=,rVAtkZ2BqHyfN/vUcV/ZGNR2MME=
-15,8,c/mDdzOnYusO5lS9z6Skig1k/zo=,7TGzV8bJar4BAb7iHEouYzCiEFQ=
-2,10,c/mDdzOnYusO5lS9z6Skig1k/zo=,DxpCK/yCt3mb3oi6gQ5bFg39mO4=
-1,6,c/mDdzOnYusO5lS9z6Skig1k/zo=,rVAtkZ2BqHyfN/vUcV/ZGNR2MME=
-1,11,c/mDdzOnYusO5lS9z6Skig1k/zo=,DxpCK/yCt3mb3oi6gQ5bFg39mO4=
-16,4,c/mDdzOnYusO5lS9z6Skig1k/zo=,XFAb/CBQYtFuylecPsCfYLuF3YI=
-16,8,c/mDdzOnYusO5lS9z6Skig1k/zo=,7TGzV8bJar4BAb7iHEouYzCiEFQ=
-15,0,c/mDdzOnYusO5lS9z6Skig1k/zo=,3GT6ULYThhg+yU0mC3YX7GvFKIY=
-15,7,c/mDdzOnYusO5lS9z6Skig1k/zo=,XFAb/CBQYtFuylecPsCfYLuF3YI=
-14,0,c/mDdzOnYusO5lS9z6Skig1k/zo=,3GT6ULYThhg+yU0mC3YX7GvFKIY=
-15,4,c/mDdzOnYusO5lS9z6Skig1k/zo=,XFAb/CBQYtFuylecPsCfYLuF3YI=
-12,0,c/mDdzOnYusO5lS9z6Skig1k/zo=,jTprLN8dU4ClrC5A016D8nNUb3M=
-13,0,c/mDdzOnYusO5lS9z6Skig1k/zo=,3GT6ULYThhg+yU0mC3YX7GvFKIY=
-11,0,c/mDdzOnYusO5lS9z6Skig1k/zo=,jTprLN8dU4ClrC5A016D8nNUb3M=
-14,15,c/mDdzOnYusO5lS9z6Skig1k/zo=,8Eb710hcQUdCp24xMdYBTdlCFvE=
-15,15,c/mDdzOnYusO5lS9z6Skig1k/zo=,8Eb710hcQUdCp24xMdYBTdlCFvE=
-1,7,c/mDdzOnYusO5lS9z6Skig1k/zo=,rVAtkZ2BqHyfN/vUcV/ZGNR2MME=
-1,8,c/mDdzOnYusO5lS9z6Skig1k/zo=,DxpCK/yCt3mb3oi6gQ5bFg39mO4=
-16,7,c/mDdzOnYusO5lS9z6Skig1k/zo=,XFAb/CBQYtFuylecPsCfYLuF3YI=
-1,9,c/mDdzOnYusO5lS9z6Skig1k/zo=,DxpCK/yCt3mb3oi6gQ5bFg39mO4=
-16,6,c/mDdzOnYusO5lS9z6Skig1k/zo=,XFAb/CBQYtFuylecPsCfYLuF3YI=
-1,3,c/mDdzOnYusO5lS9z6Skig1k/zo=,KYqymUhe8ErxFkNv8AbRaNWkBuc=
-15,5,c/mDdzOnYusO5lS9z6Skig1k/zo=,XFAb/CBQYtFuylecPsCfYLuF3YI=
-6,0,c/mDdzOnYusO5lS9z6Skig1k/zo=,bFHKUnEoQI3bMnpLFFrHWodjJuU=
-8,0,c/mDdzOnYusO5lS9z6Skig1k/zo=,bFHKUnEoQI3bMnpLFFrHWodjJuU=
-7,0,c/mDdzOnYusO5lS9z6Skig1k/zo=,bFHKUnEoQI3bMnpLFFrHWodjJuU=
-4,0,c/mDdzOnYusO5lS9z6Skig1k/zo=,KYqymUhe8ErxFkNv8AbRaNWkBuc=
-3,0,c/mDdzOnYusO5lS9z6Skig1k/zo=,KYqymUhe8ErxFkNv8AbRaNWkBuc=
-5,0,c/mDdzOnYusO5lS9z6Skig1k/zo=,bFHKUnEoQI3bMnpLFFrHWodjJuU=
-16,15,c/mDdzOnYusO5lS9z6Skig1k/zo=,8Eb710hcQUdCp24xMdYBTdlCFvE=
-16,0,c/mDdzOnYusO5lS9z6Skig1k/zo=,3GT6ULYThhg+yU0mC3YX7GvFKIY=
-11,15,c/mDdzOnYusO5lS9z6Skig1k/zo=,FfGv5I1+Me/WdJr1lGim/EhTvfo=
-10,15,c/mDdzOnYusO5lS9z6Skig1k/zo=,FfGv5I1+Me/WdJr1lGim/EhTvfo=
-12,15,c/mDdzOnYusO5lS9z6Skig1k/zo=,FfGv5I1+Me/WdJr1lGim/EhTvfo=
-13,15,c/mDdzOnYusO5lS9z6Skig1k/zo=,8Eb710hcQUdCp24xMdYBTdlCFvE=
-7,15,c/mDdzOnYusO5lS9z6Skig1k/zo=,erHyj7wslpVNGdSDSueo5gA8QoA=
-9,15,c/mDdzOnYusO5lS9z6Skig1k/zo=,FfGv5I1+Me/WdJr1lGim/EhTvfo=
-8,14,c/mDdzOnYusO5lS9z6Skig1k/zo=,erHyj7wslpVNGdSDSueo5gA8QoA=
-2,1,c/mDdzOnYusO5lS9z6Skig1k/zo=,KYqymUhe8ErxFkNv8AbRaNWkBuc=
-2,2,c/mDdzOnYusO5lS9z6Skig1k/zo=,KYqymUhe8ErxFkNv8AbRaNWkBuc=
-16,5,c/mDdzOnYusO5lS9z6Skig1k/zo=,XFAb/CBQYtFuylecPsCfYLuF3YI=
-3,1,c/mDdzOnYusO5lS9z6Skig1k/zo=,KYqymUhe8ErxFkNv8AbRaNWkBuc=
-8,15,c/mDdzOnYusO5lS9z6Skig1k/zo=,erHyj7wslpVNGdSDSueo5gA8QoA=
-10,1,c/mDdzOnYusO5lS9z6Skig1k/zo=,jTprLN8dU4ClrC5A016D8nNUb3M=
-2,3,c/mDdzOnYusO5lS9z6Skig1k/zo=,KYqymUhe8ErxFkNv8AbRaNWkBuc=
-2,0,c/mDdzOnYusO5lS9z6Skig1k/zo=,KYqymUhe8ErxFkNv8AbRaNWkBuc=
-9,1,c/mDdzOnYusO5lS9z6Skig1k/zo=,jTprLN8dU4ClrC5A016D8nNUb3M=
-1,10,c/mDdzOnYusO5lS9z6Skig1k/zo=,DxpCK/yCt3mb3oi6gQ5bFg39mO4=
-7,14,c/mDdzOnYusO5lS9z6Skig1k/zo=,erHyj7wslpVNGdSDSueo5gA8QoA=
-9,0,c/mDdzOnYusO5lS9z6Skig1k/zo=,jTprLN8dU4ClrC5A016D8nNUb3M=
-2,11,c/mDdzOnYusO5lS9z6Skig1k/zo=,DxpCK/yCt3mb3oi6gQ5bFg39mO4=
-1,0,c/mDdzOnYusO5lS9z6Skig1k/zo=,KYqymUhe8ErxFkNv8AbRaNWkBuc=
-10,0,c/mDdzOnYusO5lS9z6Skig1k/zo=,jTprLN8dU4ClrC5A016D8nNUb3M=
