19,-15,hJiwEtu+fq7e0RfeADBqOi3uZyk=,O6KFokfG0kSfml77TkMDlNSS1TA=
18,-14,hJiwEtu+fq7e0RfeADBqOi3uZyk=,O6KFokfG0kSfml77TkMDlNSS1TA=
18,-15,hJiwEtu+fq7e0RfeADBqOi3uZyk=,O6KFokfG0kSfml77TkMDlNSS1TA=
19,-14,hJiwEtu+fq7e0RfeADBqOi3uZyk=,O6KFokfG0kSfml77TkMDlNSS1TA=
18,-13,hJiwEtu+fq7e0RfeADBqOi3uZyk=,O6KFokfG0kSfml77TkMDlNSS1TA=
17,-13,hJiwEtu+fq7e0RfeADBqOi3uZyk=,O6KFokfG0kSfml77TkMDlNSS1TA=
20,-12,hJiwEtu+fq7e0RfeADBqOi3uZyk=,1KhPk40I+w8IYC3BavrzfgJw/S8=
21,-12,hJiwEtu+fq7e0RfeADBqOi3uZyk=,1KhPk40I+w8IYC3BavrzfgJw/S8=
20,-11,hJiwEtu+fq7e0RfeADBqOi3uZyk=,1KhPk40I+w8IYC3BavrzfgJw/S8=
21,-11,hJiwEtu+fq7e0RfeADBqOi3uZyk=,1KhPk40I+w8IYC3BavrzfgJw/S8=
19,-13,hJiwEtu+fq7e0RfeADBqOi3uZyk=,O6KFokfG0kSfml77TkMDlNSS1TA=
22,-12,hJiwEtu+fq7e0RfeADBqOi3uZyk=,1KhPk40I+w8IYC3BavrzfgJw/S8=
22,-11,hJiwEtu+fq7e0RfeADBqOi3uZyk=,1KhPk40I+w8IYC3BavrzfgJw/S8=
20,-10,hJiwEtu+fq7e0RfeADBqOi3uZyk=,1KhPk40I+w8IYC3BavrzfgJw/S8=
21,-10,hJiwEtu+fq7e0RfeADBqOi3uZyk=,1KhPk40I+w8IYC3BavrzfgJw/S8=
21,-2,hJiwEtu+fq7e0RfeADBqOi3uZyk=,62WaSH9sWt5QET5vJc6nyhlqhsg=
22,-2,hJiwEtu+fq7e0RfeADBqOi3uZyk=,62WaSH9sWt5QET5vJc6nyhlqhsg=
21,-3,hJiwEtu+fq7e0RfeADBqOi3uZyk=,62WaSH9sWt5QET5vJc6nyhlqhsg=
22,-3,hJiwEtu+fq7e0RfeADBqOi3uZyk=,62WaSH9sWt5QET5vJc6nyhlqhsg=
20,-2,hJiwEtu+fq7e0RfeADBqOi3uZyk=,62WaSH9sWt5QET5vJc6nyhlqhsg=
17,-3,hJiwEtu+fq7e0RfeADBqOi3uZyk=,YFfq/dYWZ4mG6m86jnYRVVtvro0=
19,-3,hJiwEtu+fq7e0RfeADBqOi3uZyk=,YFfq/dYWZ4mG6m86jnYRVVtvro0=
17,-2,hJiwEtu+fq7e0RfeADBqOi3uZyk=,YFfq/dYWZ4mG6m86jnYRVVtvro0=
18,-3,hJiwEtu+fq7e0RfeADBqOi3uZyk=,YFfq/dYWZ4mG6m86jnYRVVtvro0=
19,-2,hJiwEtu+fq7e0RfeADBqOi3uZyk=,YFfq/dYWZ4mG6m86jnYRVVtvro0=
20,-3,hJiwEtu+fq7e0RfeADBqOi3uZyk=,62WaSH9sWt5QET5vJc6nyhlqhsg=
18,-2,hJiwEtu+fq7e0RfeADBqOi3uZyk=,YFfq/dYWZ4mG6m86jnYRVVtvro0=
26,-2,hJiwEtu+fq7e0RfeADBqOi3uZyk=,UEzYWqWgTAKiAXWBE+5l7uZdAG4=
23,-3,hJiwEtu+fq7e0RfeADBqOi3uZyk=,62WaSH9sWt5QET5vJc6nyhlqhsg=
23,-2,hJiwEtu+fq7e0RfeADBqOi3uZyk=,62WaSH9sWt5QET5vJc6nyhlqhsg=
25,-2,hJiwEtu+fq7e0RfeADBqOi3uZyk=,UEzYWqWgTAKiAXWBE+5l7uZdAG4=
25,-3,hJiwEtu+fq7e0RfeADBqOi3uZyk=,UEzYWqWgTAKiAXWBE+5l7uZdAG4=
24,-3,hJiwEtu+fq7e0RfeADBqOi3uZyk=,UEzYWqWgTAKiAXWBE+5l7uZdAG4=
26,-4,hJiwEtu+fq7e0RfeADBqOi3uZyk=,UEzYWqWgTAKiAXWBE+5l7uZdAG4=
24,-2,hJiwEtu+fq7e0RfeADBqOi3uZyk=,UEzYWqWgTAKiAXWBE+5l7uZdAG4=
25,-4,hJiwEtu+fq7e0RfeADBqOi3uZyk=,UEzYWqWgTAKiAXWBE+5l7uZdAG4=
26,-3,hJiwEtu+fq7e0RfeADBqOi3uZyk=,UEzYWqWgTAKiAXWBE+5l7uZdAG4=
25,-1,hJiwEtu+fq7e0RfeADBqOi3uZyk=,UEzYWqWgTAKiAXWBE+5l7uZdAG4=
23,-4,hJiwEtu+fq7e0RfeADBqOi3uZyk=,62WaSH9sWt5QET5vJc6nyhlqhsg=
26,-1,hJiwEtu+fq7e0RfeADBqOi3uZyk=,UEzYWqWgTAKiAXWBE+5l7uZdAG4=
22,-4,hJiwEtu+fq7e0RfeADBqOi3uZyk=,62WaSH9sWt5QET5vJc6nyhlqhsg=
27,-2,hJiwEtu+fq7e0RfeADBqOi3uZyk=,UEzYWqWgTAKiAXWBE+5l7uZdAG4=
21,-4,hJiwEtu+fq7e0RfeADBqOi3uZyk=,62WaSH9sWt5QET5vJc6nyhlqhsg=
23,-7,hJiwEtu+fq7e0RfeADBqOi3uZyk=,2y2VI5ojuXrddjnNM+N2sdNEvCQ=
22,-7,hJiwEtu+fq7e0RfeADBqOi3uZyk=,2y2VI5ojuXrddjnNM+N2sdNEvCQ=
24,-4,hJiwEtu+fq7e0RfeADBqOi3uZyk=,UEzYWqWgTAKiAXWBE+5l7uZdAG4=
22,-6,hJiwEtu+fq7e0RfeADBqOi3uZyk=,2y2VI5ojuXrddjnNM+N2sdNEvCQ=
23,-5,hJiwEtu+fq7e0RfeADBqOi3uZyk=,2y2VI5ojuXrddjnNM+N2sdNEvCQ=
22,-5,hJiwEtu+fq7e0RfeADBqOi3uZyk=,2y2VI5ojuXrddjnNM+N2sdNEvCQ=
23,-6,hJiwEtu+fq7e0RfeADBqOi3uZyk=,2y2VI5ojuXrddjnNM+N2sdNEvCQ=
27,-1,hJiwEtu+fq7e0RfeADBqOi3uZyk=,UEzYWqWgTAKiAXWBE+5l7uZdAG4=
27,-4,hJiwEtu+fq7e0RfeADBqOi3uZyk=,UEzYWqWgTAKiAXWBE+5l7uZdAG4=
21,-5,hJiwEtu+fq7e0RfeADBqOi3uZyk=,2y2VI5ojuXrddjnNM+N2sdNEvCQ=
27,-3,hJiwEtu+fq7e0RfeADBqOi3uZyk=,UEzYWqWgTAKiAXWBE+5l7uZdAG4=
18,-4,hJiwEtu+fq7e0RfeADBqOi3uZyk=,YFfq/dYWZ4mG6m86jnYRVVtvro0=
19,-4,hJiwEtu+fq7e0RfeADBqOi3uZyk=,YFfq/dYWZ4mG6m86jnYRVVtvro0=
17,-4,hJiwEtu+fq7e0RfeADBqOi3uZyk=,YFfq/dYWZ4mG6m86jnYRVVtvro0=
17,-5,hJiwEtu+fq7e0RfeADBqOi3uZyk=,YD0o0/NZnIr91pCophVPLRQB5Mk=
19,-7,hJiwEtu+fq7e0RfeADBqOi3uZyk=,YD0o0/NZnIr91pCophVPLRQB5Mk=
18,-7,hJiwEtu+fq7e0RfeADBqOi3uZyk=,YD0o0/NZnIr91pCophVPLRQB5Mk=
19,-8,hJiwEtu+fq7e0RfeADBqOi3uZyk=,YD0o0/NZnIr91pCophVPLRQB5Mk=
20,-8,hJiwEtu+fq7e0RfeADBqOi3uZyk=,2y2VI5ojuXrddjnNM+N2sdNEvCQ=
20,-4,hJiwEtu+fq7e0RfeADBqOi3uZyk=,62WaSH9sWt5QET5vJc6nyhlqhsg=
17,-8,hJiwEtu+fq7e0RfeADBqOi3uZyk=,YD0o0/NZnIr91pCophVPLRQB5Mk=
20,-5,hJiwEtu+fq7e0RfeADBqOi3uZyk=,2y2VI5ojuXrddjnNM+N2sdNEvCQ=
20,-9,hJiwEtu+fq7e0RfeADBqOi3uZyk=,1KhPk40I+w8IYC3BavrzfgJw/S8=
21,-6,hJiwEtu+fq7e0RfeADBqOi3uZyk=,2y2VI5ojuXrddjnNM+N2sdNEvCQ=
18,-8,hJiwEtu+fq7e0RfeADBqOi3uZyk=,YD0o0/NZnIr91pCophVPLRQB5Mk=
19,-5,hJiwEtu+fq7e0RfeADBqOi3uZyk=,YD0o0/NZnIr91pCophVPLRQB5Mk=
18,-5,hJiwEtu+fq7e0RfeADBqOi3uZyk=,YD0o0/NZnIr91pCophVPLRQB5Mk=
16,-3,hJiwEtu+fq7e0RfeADBqOi3uZyk=,YFfq/dYWZ4mG6m86jnYRVVtvro0=
21,-9,hJiwEtu+fq7e0RfeADBqOi3uZyk=,1KhPk40I+w8IYC3BavrzfgJw/S8=
16,-2,hJiwEtu+fq7e0RfeADBqOi3uZyk=,YFfq/dYWZ4mG6m86jnYRVVtvro0=
20,-6,hJiwEtu+fq7e0RfeADBqOi3uZyk=,2y2VI5ojuXrddjnNM+N2sdNEvCQ=
16,-4,hJiwEtu+fq7e0RfeADBqOi3uZyk=,YFfq/dYWZ4mG6m86jnYRVVtvro0=
18,-6,hJiwEtu+fq7e0RfeADBqOi3uZyk=,YD0o0/NZnIr91pCophVPLRQB5Mk=
16,-5,hJiwEtu+fq7e0RfeADBqOi3uZyk=,YD0o0/NZnIr91pCophVPLRQB5Mk=
26,-10,hJiwEtu+fq7e0RfeADBqOi3uZyk=,oEnbK+o+KmpDHwrCAnhaGV7f5eI=
25,-11,hJiwEtu+fq7e0RfeADBqOi3uZyk=,oEnbK+o+KmpDHwrCAnhaGV7f5eI=
25,-10,hJiwEtu+fq7e0RfeADBqOi3uZyk=,oEnbK+o+KmpDHwrCAnhaGV7f5eI=
24,-10,hJiwEtu+fq7e0RfeADBqOi3uZyk=,oEnbK+o+KmpDHwrCAnhaGV7f5eI=
25,-9,hJiwEtu+fq7e0RfeADBqOi3uZyk=,oEnbK+o+KmpDHwrCAnhaGV7f5eI=
26,-9,hJiwEtu+fq7e0RfeADBqOi3uZyk=,oEnbK+o+KmpDHwrCAnhaGV7f5eI=
24,-9,hJiwEtu+fq7e0RfeADBqOi3uZyk=,oEnbK+o+KmpDHwrCAnhaGV7f5eI=
23,-9,hJiwEtu+fq7e0RfeADBqOi3uZyk=,1KhPk40I+w8IYC3BavrzfgJw/S8=
26,-11,hJiwEtu+fq7e0RfeADBqOi3uZyk=,oEnbK+o+KmpDHwrCAnhaGV7f5eI=
23,-8,hJiwEtu+fq7e0RfeADBqOi3uZyk=,2y2VI5ojuXrddjnNM+N2sdNEvCQ=
27,-11,hJiwEtu+fq7e0RfeADBqOi3uZyk=,oEnbK+o+KmpDHwrCAnhaGV7f5eI=
27,-10,hJiwEtu+fq7e0RfeADBqOi3uZyk=,oEnbK+o+KmpDHwrCAnhaGV7f5eI=
27,-9,hJiwEtu+fq7e0RfeADBqOi3uZyk=,oEnbK+o+KmpDHwrCAnhaGV7f5eI=
23,-10,hJiwEtu+fq7e0RfeADBqOi3uZyk=,1KhPk40I+w8IYC3BavrzfgJw/S8=
20,-7,hJiwEtu+fq7e0RfeADBqOi3uZyk=,2y2VI5ojuXrddjnNM+N2sdNEvCQ=
21,-7,hJiwEtu+fq7e0RfeADBqOi3uZyk=,2y2VI5ojuXrddjnNM+N2sdNEvCQ=
16,-6,hJiwEtu+fq7e0RfeADBqOi3uZyk=,YD0o0/NZnIr91pCophVPLRQB5Mk=
22,-9,hJiwEtu+fq7e0RfeADBqOi3uZyk=,1KhPk40I+w8IYC3BavrzfgJw/S8=
18,-16,hJiwEtu+fq7e0RfeADBqOi3uZyk=,O6KFokfG0kSfml77TkMDlNSS1TA=
19,-16,hJiwEtu+fq7e0RfeADBqOi3uZyk=,O6KFokfG0kSfml77TkMDlNSS1TA=
18,-1,hJiwEtu+fq7e0RfeADBqOi3uZyk=,YFfq/dYWZ4mG6m86jnYRVVtvro0=
17,-1,hJiwEtu+fq7e0RfeADBqOi3uZyk=,YFfq/dYWZ4mG6m86jnYRVVtvro0=
24,-1,hJiwEtu+fq7e0RfeADBqOi3uZyk=,UEzYWqWgTAKiAXWBE+5l7uZdAG4=
19,-1,hJiwEtu+fq7e0RfeADBqOi3uZyk=,YFfq/dYWZ4mG6m86jnYRVVtvro0=
20,-1,hJiwEtu+fq7e0RfeADBqOi3uZyk=,62WaSH9sWt5QET5vJc6nyhlqhsg=
21,-1,hJiwEtu+fq7e0RfeADBqOi3uZyk=,62WaSH9sWt5QET5vJc6nyhlqhsg=
22,-1,hJiwEtu+fq7e0RfeADBqOi3uZyk=,62WaSH9sWt5QET5vJc6nyhlqhsg=
23,-1,hJiwEtu+fq7e0RfeADBqOi3uZyk=,62WaSH9sWt5QET5vJc6nyhlqhsg=
16,-13,hJiwEtu+fq7e0RfeADBqOi3uZyk=,O6KFokfG0kSfml77TkMDlNSS1TA=
16,-8,hJiwEtu+fq7e0RfeADBqOi3uZyk=,YD0o0/NZnIr91pCophVPLRQB5Mk=
16,-16,hJiwEtu+fq7e0RfeADBqOi3uZyk=,O6KFokfG0kSfml77TkMDlNSS1TA=
16,-1,hJiwEtu+fq7e0RfeADBqOi3uZyk=,YFfq/dYWZ4mG6m86jnYRVVtvro0=
19,-6,hJiwEtu+fq7e0RfeADBqOi3uZyk=,YD0o0/NZnIr91pCophVPLRQB5Mk=
26,-13,hJiwEtu+fq7e0RfeADBqOi3uZyk=,iCSe4766sMchqtxofC1+Ppvg05E=
26,-12,hJiwEtu+fq7e0RfeADBqOi3uZyk=,oEnbK+o+KmpDHwrCAnhaGV7f5eI=
26,-14,hJiwEtu+fq7e0RfeADBqOi3uZyk=,iCSe4766sMchqtxofC1+Ppvg05E=
26,-16,hJiwEtu+fq7e0RfeADBqOi3uZyk=,iCSe4766sMchqtxofC1+Ppvg05E=
27,-13,hJiwEtu+fq7e0RfeADBqOi3uZyk=,iCSe4766sMchqtxofC1+Ppvg05E=
27,-15,hJiwEtu+fq7e0RfeADBqOi3uZyk=,iCSe4766sMchqtxofC1+Ppvg05E=
27,-12,hJiwEtu+fq7e0RfeADBqOi3uZyk=,oEnbK+o+KmpDHwrCAnhaGV7f5eI=
21,-8,hJiwEtu+fq7e0RfeADBqOi3uZyk=,2y2VI5ojuXrddjnNM+N2sdNEvCQ=
27,-16,hJiwEtu+fq7e0RfeADBqOi3uZyk=,iCSe4766sMchqtxofC1+Ppvg05E=
24,-14,hJiwEtu+fq7e0RfeADBqOi3uZyk=,iCSe4766sMchqtxofC1+Ppvg05E=
17,-14,hJiwEtu+fq7e0RfeADBqOi3uZyk=,O6KFokfG0kSfml77TkMDlNSS1TA=
27,-14,hJiwEtu+fq7e0RfeADBqOi3uZyk=,iCSe4766sMchqtxofC1+Ppvg05E=
24,-15,hJiwEtu+fq7e0RfeADBqOi3uZyk=,iCSe4766sMchqtxofC1+Ppvg05E=
23,-12,hJiwEtu+fq7e0RfeADBqOi3uZyk=,1KhPk40I+w8IYC3BavrzfgJw/S8=
22,-8,hJiwEtu+fq7e0RfeADBqOi3uZyk=,2y2VI5ojuXrddjnNM+N2sdNEvCQ=
26,-15,hJiwEtu+fq7e0RfeADBqOi3uZyk=,iCSe4766sMchqtxofC1+Ppvg05E=
17,-7,hJiwEtu+fq7e0RfeADBqOi3uZyk=,YD0o0/NZnIr91pCophVPLRQB5Mk=
17,-6,hJiwEtu+fq7e0RfeADBqOi3uZyk=,YD0o0/NZnIr91pCophVPLRQB5Mk=
25,-16,hJiwEtu+fq7e0RfeADBqOi3uZyk=,iCSe4766sMchqtxofC1+Ppvg05E=
24,-11,hJiwEtu+fq7e0RfeADBqOi3uZyk=,oEnbK+o+KmpDHwrCAnhaGV7f5eI=
24,-13,hJiwEtu+fq7e0RfeADBqOi3uZyk=,iCSe4766sMchqtxofC1+Ppvg05E=
25,-12,hJiwEtu+fq7e0RfeADBqOi3uZyk=,oEnbK+o+KmpDHwrCAnhaGV7f5eI=
17,-16,hJiwEtu+fq7e0RfeADBqOi3uZyk=,O6KFokfG0kSfml77TkMDlNSS1TA=
16,-14,hJiwEtu+fq7e0RfeADBqOi3uZyk=,O6KFokfG0kSfml77TkMDlNSS1TA=
16,-15,hJiwEtu+fq7e0RfeADBqOi3uZyk=,O6KFokfG0kSfml77TkMDlNSS1TA=
24,-12,hJiwEtu+fq7e0RfeADBqOi3uZyk=,oEnbK+o+KmpDHwrCAnhaGV7f5eI=
22,-10,hJiwEtu+fq7e0RfeADBqOi3uZyk=,1KhPk40I+w8IYC3BavrzfgJw/S8=
17,-15,hJiwEtu+fq7e0RfeADBqOi3uZyk=,O6KFokfG0kSfml77TkMDlNSS1TA=
25,-13,hJiwEtu+fq7e0RfeADBqOi3uZyk=,iCSe4766sMchqtxofC1+Ppvg05E=
23,-11,hJiwEtu+fq7e0RfeADBqOi3uZyk=,1KhPk40I+w8IYC3BavrzfgJw/S8=
24,-16,hJiwEtu+fq7e0RfeADBqOi3uZyk=,iCSe4766sMchqtxofC1+Ppvg05E=
16,-7,hJiwEtu+fq7e0RfeADBqOi3uZyk=,YD0o0/NZnIr91pCophVPLRQB5Mk=
25,-14,hJiwEtu+fq7e0RfeADBqOi3uZyk=,iCSe4766sMchqtxofC1+Ppvg05E=
25,-15,hJiwEtu+fq7e0RfeADBqOi3uZyk=,iCSe4766sMchqtxofC1+Ppvg05E=
17,-22,w46L5EU8+pqpm4bxlE3xhLvG8rk=,ZaBU2uWT5Yu3E5Th902eO4DvyiA=
18,-22,w46L5EU8+pqpm4bxlE3xhLvG8rk=,ZaBU2uWT5Yu3E5Th902eO4DvyiA=
18,-23,w46L5EU8+pqpm4bxlE3xhLvG8rk=,ZaBU2uWT5Yu3E5Th902eO4DvyiA=
17,-23,w46L5EU8+pqpm4bxlE3xhLvG8rk=,ZaBU2uWT5Yu3E5Th902eO4DvyiA=
26,-19,w46L5EU8+pqpm4bxlE3xhLvG8rk=,5m4z8TRLC46BfUITqQZwVELrRRk=
25,-18,w46L5EU8+pqpm4bxlE3xhLvG8rk=,5m4z8TRLC46BfUITqQZwVELrRRk=
25,-19,w46L5EU8+pqpm4bxlE3xhLvG8rk=,5m4z8TRLC46BfUITqQZwVELrRRk=
26,-18,w46L5EU8+pqpm4bxlE3xhLvG8rk=,5m4z8TRLC46BfUITqQZwVELrRRk=
25,-20,w46L5EU8+pqpm4bxlE3xhLvG8rk=,5m4z8TRLC46BfUITqQZwVELrRRk=
19,-22,w46L5EU8+pqpm4bxlE3xhLvG8rk=,ZaBU2uWT5Yu3E5Th902eO4DvyiA=
23,-22,w46L5EU8+pqpm4bxlE3xhLvG8rk=,Id+6iyoS0grcy56yB8CngOdXZN8=
26,-20,w46L5EU8+pqpm4bxlE3xhLvG8rk=,5m4z8TRLC46BfUITqQZwVELrRRk=
27,-18,w46L5EU8+pqpm4bxlE3xhLvG8rk=,5m4z8TRLC46BfUITqQZwVELrRRk=
27,-19,w46L5EU8+pqpm4bxlE3xhLvG8rk=,5m4z8TRLC46BfUITqQZwVELrRRk=
20,-23,w46L5EU8+pqpm4bxlE3xhLvG8rk=,Id+6iyoS0grcy56yB8CngOdXZN8=
27,-20,w46L5EU8+pqpm4bxlE3xhLvG8rk=,5m4z8TRLC46BfUITqQZwVELrRRk=
23,-23,w46L5EU8+pqpm4bxlE3xhLvG8rk=,Id+6iyoS0grcy56yB8CngOdXZN8=
21,-23,w46L5EU8+pqpm4bxlE3xhLvG8rk=,Id+6iyoS0grcy56yB8CngOdXZN8=
22,-23,w46L5EU8+pqpm4bxlE3xhLvG8rk=,Id+6iyoS0grcy56yB8CngOdXZN8=
16,-22,w46L5EU8+pqpm4bxlE3xhLvG8rk=,ZaBU2uWT5Yu3E5Th902eO4DvyiA=
19,-23,w46L5EU8+pqpm4bxlE3xhLvG8rk=,ZaBU2uWT5Yu3E5Th902eO4DvyiA=
16,-23,w46L5EU8+pqpm4bxlE3xhLvG8rk=,ZaBU2uWT5Yu3E5Th902eO4DvyiA=
18,-17,w46L5EU8+pqpm4bxlE3xhLvG8rk=,w8aPu0XfPsst5YDoEtbuC8H/T2A=
16,-17,w46L5EU8+pqpm4bxlE3xhLvG8rk=,w8aPu0XfPsst5YDoEtbuC8H/T2A=
17,-21,w46L5EU8+pqpm4bxlE3xhLvG8rk=,ZaBU2uWT5Yu3E5Th902eO4DvyiA=
16,-21,w46L5EU8+pqpm4bxlE3xhLvG8rk=,ZaBU2uWT5Yu3E5Th902eO4DvyiA=
18,-21,w46L5EU8+pqpm4bxlE3xhLvG8rk=,ZaBU2uWT5Yu3E5Th902eO4DvyiA=
16,-19,w46L5EU8+pqpm4bxlE3xhLvG8rk=,w8aPu0XfPsst5YDoEtbuC8H/T2A=
16,-18,w46L5EU8+pqpm4bxlE3xhLvG8rk=,w8aPu0XfPsst5YDoEtbuC8H/T2A=
17,-20,w46L5EU8+pqpm4bxlE3xhLvG8rk=,w8aPu0XfPsst5YDoEtbuC8H/T2A=
25,-17,w46L5EU8+pqpm4bxlE3xhLvG8rk=,5m4z8TRLC46BfUITqQZwVELrRRk=
16,-20,w46L5EU8+pqpm4bxlE3xhLvG8rk=,w8aPu0XfPsst5YDoEtbuC8H/T2A=
26,-17,w46L5EU8+pqpm4bxlE3xhLvG8rk=,5m4z8TRLC46BfUITqQZwVELrRRk=
20,-20,w46L5EU8+pqpm4bxlE3xhLvG8rk=,SDCtq6Jr1VWbJxO4Zf9LgrbYI00=
21,-20,w46L5EU8+pqpm4bxlE3xhLvG8rk=,SDCtq6Jr1VWbJxO4Zf9LgrbYI00=
24,-18,w46L5EU8+pqpm4bxlE3xhLvG8rk=,5m4z8TRLC46BfUITqQZwVELrRRk=
19,-17,w46L5EU8+pqpm4bxlE3xhLvG8rk=,w8aPu0XfPsst5YDoEtbuC8H/T2A=
19,-18,w46L5EU8+pqpm4bxlE3xhLvG8rk=,w8aPu0XfPsst5YDoEtbuC8H/T2A=
21,-17,w46L5EU8+pqpm4bxlE3xhLvG8rk=,SDCtq6Jr1VWbJxO4Zf9LgrbYI00=
21,-18,w46L5EU8+pqpm4bxlE3xhLvG8rk=,SDCtq6Jr1VWbJxO4Zf9LgrbYI00=
20,-17,w46L5EU8+pqpm4bxlE3xhLvG8rk=,SDCtq6Jr1VWbJxO4Zf9LgrbYI00=
21,-19,w46L5EU8+pqpm4bxlE3xhLvG8rk=,SDCtq6Jr1VWbJxO4Zf9LgrbYI00=
24,-19,w46L5EU8+pqpm4bxlE3xhLvG8rk=,5m4z8TRLC46BfUITqQZwVELrRRk=
20,-19,w46L5EU8+pqpm4bxlE3xhLvG8rk=,SDCtq6Jr1VWbJxO4Zf9LgrbYI00=
23,-21,w46L5EU8+pqpm4bxlE3xhLvG8rk=,Id+6iyoS0grcy56yB8CngOdXZN8=
22,-17,w46L5EU8+pqpm4bxlE3xhLvG8rk=,SDCtq6Jr1VWbJxO4Zf9LgrbYI00=
20,-18,w46L5EU8+pqpm4bxlE3xhLvG8rk=,SDCtq6Jr1VWbJxO4Zf9LgrbYI00=
24,-20,w46L5EU8+pqpm4bxlE3xhLvG8rk=,5m4z8TRLC46BfUITqQZwVELrRRk=
19,-19,w46L5EU8+pqpm4bxlE3xhLvG8rk=,w8aPu0XfPsst5YDoEtbuC8H/T2A=
17,-19,w46L5EU8+pqpm4bxlE3xhLvG8rk=,w8aPu0XfPsst5YDoEtbuC8H/T2A=
23,-20,w46L5EU8+pqpm4bxlE3xhLvG8rk=,SDCtq6Jr1VWbJxO4Zf9LgrbYI00=
20,-22,w46L5EU8+pqpm4bxlE3xhLvG8rk=,Id+6iyoS0grcy56yB8CngOdXZN8=
27,-17,w46L5EU8+pqpm4bxlE3xhLvG8rk=,5m4z8TRLC46BfUITqQZwVELrRRk=
19,-21,w46L5EU8+pqpm4bxlE3xhLvG8rk=,ZaBU2uWT5Yu3E5Th902eO4DvyiA=
23,-19,w46L5EU8+pqpm4bxlE3xhLvG8rk=,SDCtq6Jr1VWbJxO4Zf9LgrbYI00=
18,-20,w46L5EU8+pqpm4bxlE3xhLvG8rk=,w8aPu0XfPsst5YDoEtbuC8H/T2A=
22,-22,w46L5EU8+pqpm4bxlE3xhLvG8rk=,Id+6iyoS0grcy56yB8CngOdXZN8=
23,-18,w46L5EU8+pqpm4bxlE3xhLvG8rk=,SDCtq6Jr1VWbJxO4Zf9LgrbYI00=
22,-21,w46L5EU8+pqpm4bxlE3xhLvG8rk=,Id+6iyoS0grcy56yB8CngOdXZN8=
21,-21,w46L5EU8+pqpm4bxlE3xhLvG8rk=,Id+6iyoS0grcy56yB8CngOdXZN8=
18,-18,w46L5EU8+pqpm4bxlE3xhLvG8rk=,w8aPu0XfPsst5YDoEtbuC8H/T2A=
24,-17,w46L5EU8+pqpm4bxlE3xhLvG8rk=,5m4z8TRLC46BfUITqQZwVELrRRk=
22,-20,w46L5EU8+pqpm4bxlE3xhLvG8rk=,SDCtq6Jr1VWbJxO4Zf9LgrbYI00=
19,-20,w46L5EU8+pqpm4bxlE3xhLvG8rk=,w8aPu0XfPsst5YDoEtbuC8H/T2A=
22,-18,w46L5EU8+pqpm4bxlE3xhLvG8rk=,SDCtq6Jr1VWbJxO4Zf9LgrbYI00=
22,-19,w46L5EU8+pqpm4bxlE3xhLvG8rk=,SDCtq6Jr1VWbJxO4Zf9LgrbYI00=
21,-22,w46L5EU8+pqpm4bxlE3xhLvG8rk=,Id+6iyoS0grcy56yB8CngOdXZN8=
17,-18,w46L5EU8+pqpm4bxlE3xhLvG8rk=,w8aPu0XfPsst5YDoEtbuC8H/T2A=
18,-19,w46L5EU8+pqpm4bxlE3xhLvG8rk=,w8aPu0XfPsst5YDoEtbuC8H/T2A=
20,-21,w46L5EU8+pqpm4bxlE3xhLvG8rk=,Id+6iyoS0grcy56yB8CngOdXZN8=
23,-17,w46L5EU8+pqpm4bxlE3xhLvG8rk=,SDCtq6Jr1VWbJxO4Zf9LgrbYI00=
17,-17,w46L5EU8+pqpm4bxlE3xhLvG8rk=,w8aPu0XfPsst5YDoEtbuC8H/T2A=
5,-7,c/mDdzOnYusO5lS9z6Skig1k/zo=,zBsn/wQW7RsQsF2MP7lnOAMhfCw=
6,-6,c/mDdzOnYusO5lS9z6Skig1k/zo=,zBsn/wQW7RsQsF2MP7lnOAMhfCw=
5,-6,kI1Ax501dpSgJz5TCDUpK/iIVHA=,zBsn/wQW7RsQsF2MP7lnOAMhfCw=
6,-7,kI1Ax501dpSgJz5TCDUpK/iIVHA=,zBsn/wQW7RsQsF2MP7lnOAMhfCw=
4,-7,kI1Ax501dpSgJz5TCDUpK/iIVHA=,zBsn/wQW7RsQsF2MP7lnOAMhfCw=
4,-6,y9ZdFrZVO3eemEdqWkIya70QWes=,zBsn/wQW7RsQsF2MP7lnOAMhfCw=
1,-7,y9ZdFrZVO3eemEdqWkIya70QWes=,scSfVS+wDiz6ahjko0WeRr1D+KQ=
1,-6,pHRm7Mh83H+2249EF/e9ezMspMA=,scSfVS+wDiz6ahjko0WeRr1D+KQ=
1,-10,pHRm7Mh83H+2249EF/e9ezMspMA=,jAPfopoi/OULrMhwFiDt5ygQ1Ig=
2,-10,pHRm7Mh83H+2249EF/e9ezMspMA=,jAPfopoi/OULrMhwFiDt5ygQ1Ig=
1,-9,pHRm7Mh83H+2249EF/e9ezMspMA=,jAPfopoi/OULrMhwFiDt5ygQ1Ig=
2,-11,pHRm7Mh83H+2249EF/e9ezMspMA=,jAPfopoi/OULrMhwFiDt5ygQ1Ig=
1,-11,pHRm7Mh83H+2249EF/e9ezMspMA=,jAPfopoi/OULrMhwFiDt5ygQ1Ig=
1,-8,pHRm7Mh83H+2249EF/e9ezMspMA=,scSfVS+wDiz6ahjko0WeRr1D+KQ=
4,-11,pHRm7Mh83H+2249EF/e9ezMspMA=,NGT8rzvfwAtQmjbSwz9PD8uNb1w=
4,-8,pHRm7Mh83H+2249EF/e9ezMspMA=,zBsn/wQW7RsQsF2MP7lnOAMhfCw=
5,-8,pHRm7Mh83H+2249EF/e9ezMspMA=,zBsn/wQW7RsQsF2MP7lnOAMhfCw=
3,-11,pHRm7Mh83H+2249EF/e9ezMspMA=,jAPfopoi/OULrMhwFiDt5ygQ1Ig=
6,-11,pHRm7Mh83H+2249EF/e9ezMspMA=,NGT8rzvfwAtQmjbSwz9PD8uNb1w=
5,-11,pHRm7Mh83H+2249EF/e9ezMspMA=,NGT8rzvfwAtQmjbSwz9PD8uNb1w=
3,-7,pHRm7Mh83H+2249EF/e9ezMspMA=,scSfVS+wDiz6ahjko0WeRr1D+KQ=
2,-9,pHRm7Mh83H+2249EF/e9ezMspMA=,jAPfopoi/OULrMhwFiDt5ygQ1Ig=
6,-8,pHRm7Mh83H+2249EF/e9ezMspMA=,zBsn/wQW7RsQsF2MP7lnOAMhfCw=
5,-10,pHRm7Mh83H+2249EF/e9ezMspMA=,NGT8rzvfwAtQmjbSwz9PD8uNb1w=
2,-8,pHRm7Mh83H+2249EF/e9ezMspMA=,scSfVS+wDiz6ahjko0WeRr1D+KQ=
2,-7,pHRm7Mh83H+2249EF/e9ezMspMA=,scSfVS+wDiz6ahjko0WeRr1D+KQ=
3,-8,pHRm7Mh83H+2249EF/e9ezMspMA=,scSfVS+wDiz6ahjko0WeRr1D+KQ=
4,-9,pHRm7Mh83H+2249EF/e9ezMspMA=,NGT8rzvfwAtQmjbSwz9PD8uNb1w=
8,-6,pHRm7Mh83H+2249EF/e9ezMspMA=,MhORwpgwe993IjIMvK6iCuy+4n4=
10,-7,pHRm7Mh83H+2249EF/e9ezMspMA=,MhORwpgwe993IjIMvK6iCuy+4n4=
3,-9,pHRm7Mh83H+2249EF/e9ezMspMA=,jAPfopoi/OULrMhwFiDt5ygQ1Ig=
7,-7,pHRm7Mh83H+2249EF/e9ezMspMA=,zBsn/wQW7RsQsF2MP7lnOAMhfCw=
7,-6,pHRm7Mh83H+2249EF/e9ezMspMA=,zBsn/wQW7RsQsF2MP7lnOAMhfCw=
10,-6,pHRm7Mh83H+2249EF/e9ezMspMA=,MhORwpgwe993IjIMvK6iCuy+4n4=
9,-6,pHRm7Mh83H+2249EF/e9ezMspMA=,MhORwpgwe993IjIMvK6iCuy+4n4=
9,-7,pHRm7Mh83H+2249EF/e9ezMspMA=,MhORwpgwe993IjIMvK6iCuy+4n4=
8,-7,pHRm7Mh83H+2249EF/e9ezMspMA=,MhORwpgwe993IjIMvK6iCuy+4n4=
3,-10,pHRm7Mh83H+2249EF/e9ezMspMA=,jAPfopoi/OULrMhwFiDt5ygQ1Ig=
1,-4,pHRm7Mh83H+2249EF/e9ezMspMA=,/kAkVffnIP4gOC8oRHJXD6ZQHSY=
1,-5,pHRm7Mh83H+2249EF/e9ezMspMA=,scSfVS+wDiz6ahjko0WeRr1D+KQ=
4,-10,pHRm7Mh83H+2249EF/e9ezMspMA=,NGT8rzvfwAtQmjbSwz9PD8uNb1w=
9,-3,pHRm7Mh83H+2249EF/e9ezMspMA=,GcUQPNAHjUGNaen2hG2jOJTdR+s=
10,-5,pHRm7Mh83H+2249EF/e9ezMspMA=,MhORwpgwe993IjIMvK6iCuy+4n4=
9,-2,pHRm7Mh83H+2249EF/e9ezMspMA=,GcUQPNAHjUGNaen2hG2jOJTdR+s=
10,-3,pHRm7Mh83H+2249EF/e9ezMspMA=,GcUQPNAHjUGNaen2hG2jOJTdR+s=
10,-2,pHRm7Mh83H+2249EF/e9ezMspMA=,GcUQPNAHjUGNaen2hG2jOJTdR+s=
9,-4,pHRm7Mh83H+2249EF/e9ezMspMA=,GcUQPNAHjUGNaen2hG2jOJTdR+s=
10,-4,pHRm7Mh83H+2249EF/e9ezMspMA=,GcUQPNAHjUGNaen2hG2jOJTdR+s=
9,-5,pHRm7Mh83H+2249EF/e9ezMspMA=,MhORwpgwe993IjIMvK6iCuy+4n4=
5,-9,pHRm7Mh83H+2249EF/e9ezMspMA=,NGT8rzvfwAtQmjbSwz9PD8uNb1w=
8,-8,pHRm7Mh83H+2249EF/e9ezMspMA=,MhORwpgwe993IjIMvK6iCuy+4n4=
9,-8,pHRm7Mh83H+2249EF/e9ezMspMA=,MhORwpgwe993IjIMvK6iCuy+4n4=
7,-11,pHRm7Mh83H+2249EF/e9ezMspMA=,NGT8rzvfwAtQmjbSwz9PD8uNb1w=
9,-10,pHRm7Mh83H+2249EF/e9ezMspMA=,ZsKa3A160wtzmc3t64fIz0P+moQ=
9,-9,pHRm7Mh83H+2249EF/e9ezMspMA=,ZsKa3A160wtzmc3t64fIz0P+moQ=
7,-10,pHRm7Mh83H+2249EF/e9ezMspMA=,NGT8rzvfwAtQmjbSwz9PD8uNb1w=
10,-8,pHRm7Mh83H+2249EF/e9ezMspMA=,MhORwpgwe993IjIMvK6iCuy+4n4=
7,-8,pHRm7Mh83H+2249EF/e9ezMspMA=,zBsn/wQW7RsQsF2MP7lnOAMhfCw=
6,-10,pHRm7Mh83H+2249EF/e9ezMspMA=,NGT8rzvfwAtQmjbSwz9PD8uNb1w=
8,-9,pHRm7Mh83H+2249EF/e9ezMspMA=,ZsKa3A160wtzmc3t64fIz0P+moQ=
12,-11,pHRm7Mh83H+2249EF/e9ezMspMA=,RAAL6IrN/N+HrOMgdplfgFFBn2c=
13,-11,pHRm7Mh83H+2249EF/e9ezMspMA=,RAAL6IrN/N+HrOMgdplfgFFBn2c=
13,-10,pHRm7Mh83H+2249EF/e9ezMspMA=,RAAL6IrN/N+HrOMgdplfgFFBn2c=
14,-10,pHRm7Mh83H+2249EF/e9ezMspMA=,RAAL6IrN/N+HrOMgdplfgFFBn2c=
14,-11,pHRm7Mh83H+2249EF/e9ezMspMA=,RAAL6IrN/N+HrOMgdplfgFFBn2c=
7,-9,pHRm7Mh83H+2249EF/e9ezMspMA=,NGT8rzvfwAtQmjbSwz9PD8uNb1w=
12,-8,pHRm7Mh83H+2249EF/e9ezMspMA=,WschZm8B8O76g3jvWa2jLEMdFAI=
13,-6,pHRm7Mh83H+2249EF/e9ezMspMA=,WschZm8B8O76g3jvWa2jLEMdFAI=
12,-7,pHRm7Mh83H+2249EF/e9ezMspMA=,WschZm8B8O76g3jvWa2jLEMdFAI=
12,-6,pHRm7Mh83H+2249EF/e9ezMspMA=,WschZm8B8O76g3jvWa2jLEMdFAI=
11,-8,pHRm7Mh83H+2249EF/e9ezMspMA=,MhORwpgwe993IjIMvK6iCuy+4n4=
14,-6,pHRm7Mh83H+2249EF/e9ezMspMA=,WschZm8B8O76g3jvWa2jLEMdFAI=
13,-7,pHRm7Mh83H+2249EF/e9ezMspMA=,WschZm8B8O76g3jvWa2jLEMdFAI=
11,-7,pHRm7Mh83H+2249EF/e9ezMspMA=,MhORwpgwe993IjIMvK6iCuy+4n4=
4,-5,pHRm7Mh83H+2249EF/e9ezMspMA=,zBsn/wQW7RsQsF2MP7lnOAMhfCw=
5,-5,pHRm7Mh83H+2249EF/e9ezMspMA=,zBsn/wQW7RsQsF2MP7lnOAMhfCw=
8,-3,pHRm7Mh83H+2249EF/e9ezMspMA=,GcUQPNAHjUGNaen2hG2jOJTdR+s=
6,-5,pHRm7Mh83H+2249EF/e9ezMspMA=,zBsn/wQW7RsQsF2MP7lnOAMhfCw=
11,-6,pHRm7Mh83H+2249EF/e9ezMspMA=,MhORwpgwe993IjIMvK6iCuy+4n4=
3,-4,pHRm7Mh83H+2249EF/e9ezMspMA=,/kAkVffnIP4gOC8oRHJXD6ZQHSY=
4,-4,pHRm7Mh83H+2249EF/e9ezMspMA=,esqBjstWtS0K9/+E70L/lk9G5Tc=
5,-4,pHRm7Mh83H+2249EF/e9ezMspMA=,esqBjstWtS0K9/+E70L/lk9G5Tc=
6,-4,pHRm7Mh83H+2249EF/e9ezMspMA=,esqBjstWtS0K9/+E70L/lk9G5Tc=
7,-5,pHRm7Mh83H+2249EF/e9ezMspMA=,zBsn/wQW7RsQsF2MP7lnOAMhfCw=
7,-4,pHRm7Mh83H+2249EF/e9ezMspMA=,esqBjstWtS0K9/+E70L/lk9G5Tc=
8,-2,pHRm7Mh83H+2249EF/e9ezMspMA=,GcUQPNAHjUGNaen2hG2jOJTdR+s=
8,-5,pHRm7Mh83H+2249EF/e9ezMspMA=,MhORwpgwe993IjIMvK6iCuy+4n4=
8,-4,pHRm7Mh83H+2249EF/e9ezMspMA=,GcUQPNAHjUGNaen2hG2jOJTdR+s=
8,-10,pHRm7Mh83H+2249EF/e9ezMspMA=,ZsKa3A160wtzmc3t64fIz0P+moQ=
13,-8,pHRm7Mh83H+2249EF/e9ezMspMA=,WschZm8B8O76g3jvWa2jLEMdFAI=
3,-6,pHRm7Mh83H+2249EF/e9ezMspMA=,scSfVS+wDiz6ahjko0WeRr1D+KQ=
6,-9,pHRm7Mh83H+2249EF/e9ezMspMA=,NGT8rzvfwAtQmjbSwz9PD8uNb1w=
11,-10,pHRm7Mh83H+2249EF/e9ezMspMA=,ZsKa3A160wtzmc3t64fIz0P+moQ=
10,-10,pHRm7Mh83H+2249EF/e9ezMspMA=,ZsKa3A160wtzmc3t64fIz0P+moQ=
3,-5,pHRm7Mh83H+2249EF/e9ezMspMA=,scSfVS+wDiz6ahjko0WeRr1D+KQ=
11,-9,pHRm7Mh83H+2249EF/e9ezMspMA=,ZsKa3A160wtzmc3t64fIz0P+moQ=
2,-5,pHRm7Mh83H+2249EF/e9ezMspMA=,scSfVS+wDiz6ahjko0WeRr1D+KQ=
7,-3,pHRm7Mh83H+2249EF/e9ezMspMA=,esqBjstWtS0K9/+E70L/lk9G5Tc=
13,-15,pHRm7Mh83H+2249EF/e9ezMspMA=,iBrPWZcr2ZicRsCPzPE+3DicdCI=
14,-15,pHRm7Mh83H+2249EF/e9ezMspMA=,iBrPWZcr2ZicRsCPzPE+3DicdCI=
13,-14,pHRm7Mh83H+2249EF/e9ezMspMA=,iBrPWZcr2ZicRsCPzPE+3DicdCI=
1,-12,pHRm7Mh83H+2249EF/e9ezMspMA=,jAPfopoi/OULrMhwFiDt5ygQ1Ig=
2,-12,pHRm7Mh83H+2249EF/e9ezMspMA=,jAPfopoi/OULrMhwFiDt5ygQ1Ig=
1,-15,pHRm7Mh83H+2249EF/e9ezMspMA=,O5WgSkP8m50tNQA3HzoenoXP+7o=
2,-15,pHRm7Mh83H+2249EF/e9ezMspMA=,O5WgSkP8m50tNQA3HzoenoXP+7o=
1,-14,pHRm7Mh83H+2249EF/e9ezMspMA=,O5WgSkP8m50tNQA3HzoenoXP+7o=
2,-14,pHRm7Mh83H+2249EF/e9ezMspMA=,O5WgSkP8m50tNQA3HzoenoXP+7o=
1,-13,pHRm7Mh83H+2249EF/e9ezMspMA=,O5WgSkP8m50tNQA3HzoenoXP+7o=
2,-13,pHRm7Mh83H+2249EF/e9ezMspMA=,O5WgSkP8m50tNQA3HzoenoXP+7o=
10,-9,pHRm7Mh83H+2249EF/e9ezMspMA=,ZsKa3A160wtzmc3t64fIz0P+moQ=
3,-3,pHRm7Mh83H+2249EF/e9ezMspMA=,/kAkVffnIP4gOC8oRHJXD6ZQHSY=
12,-10,pHRm7Mh83H+2249EF/e9ezMspMA=,RAAL6IrN/N+HrOMgdplfgFFBn2c=
2,-6,pHRm7Mh83H+2249EF/e9ezMspMA=,scSfVS+wDiz6ahjko0WeRr1D+KQ=
12,-15,pHRm7Mh83H+2249EF/e9ezMspMA=,iBrPWZcr2ZicRsCPzPE+3DicdCI=
9,-15,pHRm7Mh83H+2249EF/e9ezMspMA=,vHtjmlK4luKd2lYbmbvXYQS3gFQ=
12,-14,pHRm7Mh83H+2249EF/e9ezMspMA=,iBrPWZcr2ZicRsCPzPE+3DicdCI=
10,-15,pHRm7Mh83H+2249EF/e9ezMspMA=,vHtjmlK4luKd2lYbmbvXYQS3gFQ=
11,-14,pHRm7Mh83H+2249EF/e9ezMspMA=,vHtjmlK4luKd2lYbmbvXYQS3gFQ=
11,-15,pHRm7Mh83H+2249EF/e9ezMspMA=,vHtjmlK4luKd2lYbmbvXYQS3gFQ=
2,-3,pHRm7Mh83H+2249EF/e9ezMspMA=,/kAkVffnIP4gOC8oRHJXD6ZQHSY=
12,-12,pHRm7Mh83H+2249EF/e9ezMspMA=,RAAL6IrN/N+HrOMgdplfgFFBn2c=
10,-14,pHRm7Mh83H+2249EF/e9ezMspMA=,vHtjmlK4luKd2lYbmbvXYQS3gFQ=
12,-9,pHRm7Mh83H+2249EF/e9ezMspMA=,RAAL6IrN/N+HrOMgdplfgFFBn2c=
13,-9,pHRm7Mh83H+2249EF/e9ezMspMA=,RAAL6IrN/N+HrOMgdplfgFFBn2c=
13,-12,pHRm7Mh83H+2249EF/e9ezMspMA=,RAAL6IrN/N+HrOMgdplfgFFBn2c=
2,-4,pHRm7Mh83H+2249EF/e9ezMspMA=,/kAkVffnIP4gOC8oRHJXD6ZQHSY=
5,-3,pHRm7Mh83H+2249EF/e9ezMspMA=,esqBjstWtS0K9/+E70L/lk9G5Tc=
4,-3,pHRm7Mh83H+2249EF/e9ezMspMA=,esqBjstWtS0K9/+E70L/lk9G5Tc=
4,-13,pHRm7Mh83H+2249EF/e9ezMspMA=,4vPMMTLeUYOAXrDrnM2h073z2aE=
4,-12,pHRm7Mh83H+2249EF/e9ezMspMA=,NGT8rzvfwAtQmjbSwz9PD8uNb1w=
5,-12,pHRm7Mh83H+2249EF/e9ezMspMA=,NGT8rzvfwAtQmjbSwz9PD8uNb1w=
6,-13,pHRm7Mh83H+2249EF/e9ezMspMA=,4vPMMTLeUYOAXrDrnM2h073z2aE=
7,-13,pHRm7Mh83H+2249EF/e9ezMspMA=,4vPMMTLeUYOAXrDrnM2h073z2aE=
8,-12,pHRm7Mh83H+2249EF/e9ezMspMA=,ZsKa3A160wtzmc3t64fIz0P+moQ=
6,-12,pHRm7Mh83H+2249EF/e9ezMspMA=,NGT8rzvfwAtQmjbSwz9PD8uNb1w=
7,-12,pHRm7Mh83H+2249EF/e9ezMspMA=,NGT8rzvfwAtQmjbSwz9PD8uNb1w=
5,-13,pHRm7Mh83H+2249EF/e9ezMspMA=,4vPMMTLeUYOAXrDrnM2h073z2aE=
3,-13,pHRm7Mh83H+2249EF/e9ezMspMA=,O5WgSkP8m50tNQA3HzoenoXP+7o=
5,-14,pHRm7Mh83H+2249EF/e9ezMspMA=,4vPMMTLeUYOAXrDrnM2h073z2aE=
6,-14,pHRm7Mh83H+2249EF/e9ezMspMA=,4vPMMTLeUYOAXrDrnM2h073z2aE=
3,-12,pHRm7Mh83H+2249EF/e9ezMspMA=,jAPfopoi/OULrMhwFiDt5ygQ1Ig=
4,-14,pHRm7Mh83H+2249EF/e9ezMspMA=,4vPMMTLeUYOAXrDrnM2h073z2aE=
4,-15,pHRm7Mh83H+2249EF/e9ezMspMA=,4vPMMTLeUYOAXrDrnM2h073z2aE=
3,-14,pHRm7Mh83H+2249EF/e9ezMspMA=,O5WgSkP8m50tNQA3HzoenoXP+7o=
5,-15,pHRm7Mh83H+2249EF/e9ezMspMA=,4vPMMTLeUYOAXrDrnM2h073z2aE=
6,-15,pHRm7Mh83H+2249EF/e9ezMspMA=,4vPMMTLeUYOAXrDrnM2h073z2aE=
3,-15,pHRm7Mh83H+2249EF/e9ezMspMA=,O5WgSkP8m50tNQA3HzoenoXP+7o=
13,-16,pHRm7Mh83H+2249EF/e9ezMspMA=,iBrPWZcr2ZicRsCPzPE+3DicdCI=
14,-16,pHRm7Mh83H+2249EF/e9ezMspMA=,iBrPWZcr2ZicRsCPzPE+3DicdCI=
11,-11,pHRm7Mh83H+2249EF/e9ezMspMA=,ZsKa3A160wtzmc3t64fIz0P+moQ=
9,-16,pHRm7Mh83H+2249EF/e9ezMspMA=,vHtjmlK4luKd2lYbmbvXYQS3gFQ=
11,-16,pHRm7Mh83H+2249EF/e9ezMspMA=,vHtjmlK4luKd2lYbmbvXYQS3gFQ=
10,-16,pHRm7Mh83H+2249EF/e9ezMspMA=,vHtjmlK4luKd2lYbmbvXYQS3gFQ=
12,-16,pHRm7Mh83H+2249EF/e9ezMspMA=,iBrPWZcr2ZicRsCPzPE+3DicdCI=
11,-13,pHRm7Mh83H+2249EF/e9ezMspMA=,vHtjmlK4luKd2lYbmbvXYQS3gFQ=
12,-13,pHRm7Mh83H+2249EF/e9ezMspMA=,iBrPWZcr2ZicRsCPzPE+3DicdCI=
9,-14,pHRm7Mh83H+2249EF/e9ezMspMA=,vHtjmlK4luKd2lYbmbvXYQS3gFQ=
0,-11,pHRm7Mh83H+2249EF/e9ezMspMA=,jAPfopoi/OULrMhwFiDt5ygQ1Ig=
0,-10,pHRm7Mh83H+2249EF/e9ezMspMA=,jAPfopoi/OULrMhwFiDt5ygQ1Ig=
6,-3,pHRm7Mh83H+2249EF/e9ezMspMA=,esqBjstWtS0K9/+E70L/lk9G5Tc=
0,-9,pHRm7Mh83H+2249EF/e9ezMspMA=,jAPfopoi/OULrMhwFiDt5ygQ1Ig=
8,-11,pHRm7Mh83H+2249EF/e9ezMspMA=,ZsKa3A160wtzmc3t64fIz0P+moQ=
0,-8,pHRm7Mh83H+2249EF/e9ezMspMA=,scSfVS+wDiz6ahjko0WeRr1D+KQ=
0,-7,pHRm7Mh83H+2249EF/e9ezMspMA=,scSfVS+wDiz6ahjko0WeRr1D+KQ=
8,-13,pHRm7Mh83H+2249EF/e9ezMspMA=,vHtjmlK4luKd2lYbmbvXYQS3gFQ=
13,-13,pHRm7Mh83H+2249EF/e9ezMspMA=,iBrPWZcr2ZicRsCPzPE+3DicdCI=
0,-6,pHRm7Mh83H+2249EF/e9ezMspMA=,scSfVS+wDiz6ahjko0WeRr1D+KQ=
1,-16,pHRm7Mh83H+2249EF/e9ezMspMA=,O5WgSkP8m50tNQA3HzoenoXP+7o=
2,-16,pHRm7Mh83H+2249EF/e9ezMspMA=,O5WgSkP8m50tNQA3HzoenoXP+7o=
0,-12,pHRm7Mh83H+2249EF/e9ezMspMA=,jAPfopoi/OULrMhwFiDt5ygQ1Ig=
0,-14,pHRm7Mh83H+2249EF/e9ezMspMA=,O5WgSkP8m50tNQA3HzoenoXP+7o=
9,-12,pHRm7Mh83H+2249EF/e9ezMspMA=,ZsKa3A160wtzmc3t64fIz0P+moQ=
15,-10,pHRm7Mh83H+2249EF/e9ezMspMA=,RAAL6IrN/N+HrOMgdplfgFFBn2c=
0,-15,pHRm7Mh83H+2249EF/e9ezMspMA=,O5WgSkP8m50tNQA3HzoenoXP+7o=
0,-13,pHRm7Mh83H+2249EF/e9ezMspMA=,O5WgSkP8m50tNQA3HzoenoXP+7o=
15,-11,pHRm7Mh83H+2249EF/e9ezMspMA=,RAAL6IrN/N+HrOMgdplfgFFBn2c=
8,-14,pHRm7Mh83H+2249EF/e9ezMspMA=,vHtjmlK4luKd2lYbmbvXYQS3gFQ=
0,-4,pHRm7Mh83H+2249EF/e9ezMspMA=,/kAkVffnIP4gOC8oRHJXD6ZQHSY=
10,-13,pHRm7Mh83H+2249EF/e9ezMspMA=,vHtjmlK4luKd2lYbmbvXYQS3gFQ=
0,-5,pHRm7Mh83H+2249EF/e9ezMspMA=,scSfVS+wDiz6ahjko0WeRr1D+KQ=
0,-3,pHRm7Mh83H+2249EF/e9ezMspMA=,/kAkVffnIP4gOC8oRHJXD6ZQHSY=
4,-16,pHRm7Mh83H+2249EF/e9ezMspMA=,4vPMMTLeUYOAXrDrnM2h073z2aE=
5,-16,pHRm7Mh83H+2249EF/e9ezMspMA=,4vPMMTLeUYOAXrDrnM2h073z2aE=
6,-16,pHRm7Mh83H+2249EF/e9ezMspMA=,4vPMMTLeUYOAXrDrnM2h073z2aE=
3,-16,pHRm7Mh83H+2249EF/e9ezMspMA=,O5WgSkP8m50tNQA3HzoenoXP+7o=
14,-5,pHRm7Mh83H+2249EF/e9ezMspMA=,WschZm8B8O76g3jvWa2jLEMdFAI=
12,-3,pHRm7Mh83H+2249EF/e9ezMspMA=,KKHDEQHjj4zYLj62nao8qSR5Q2k=
12,-4,pHRm7Mh83H+2249EF/e9ezMspMA=,KKHDEQHjj4zYLj62nao8qSR5Q2k=
13,-4,pHRm7Mh83H+2249EF/e9ezMspMA=,KKHDEQHjj4zYLj62nao8qSR5Q2k=
13,-3,pHRm7Mh83H+2249EF/e9ezMspMA=,KKHDEQHjj4zYLj62nao8qSR5Q2k=
12,-5,pHRm7Mh83H+2249EF/e9ezMspMA=,WschZm8B8O76g3jvWa2jLEMdFAI=
11,-5,pHRm7Mh83H+2249EF/e9ezMspMA=,MhORwpgwe993IjIMvK6iCuy+4n4=
14,-4,pHRm7Mh83H+2249EF/e9ezMspMA=,KKHDEQHjj4zYLj62nao8qSR5Q2k=
13,-1,pHRm7Mh83H+2249EF/e9ezMspMA=,KKHDEQHjj4zYLj62nao8qSR5Q2k=
14,-1,pHRm7Mh83H+2249EF/e9ezMspMA=,KKHDEQHjj4zYLj62nao8qSR5Q2k=
13,-5,pHRm7Mh83H+2249EF/e9ezMspMA=,WschZm8B8O76g3jvWa2jLEMdFAI=
14,-3,pHRm7Mh83H+2249EF/e9ezMspMA=,KKHDEQHjj4zYLj62nao8qSR5Q2k=
15,-3,pHRm7Mh83H+2249EF/e9ezMspMA=,KKHDEQHjj4zYLj62nao8qSR5Q2k=
12,-2,pHRm7Mh83H+2249EF/e9ezMspMA=,KKHDEQHjj4zYLj62nao8qSR5Q2k=
13,-2,pHRm7Mh83H+2249EF/e9ezMspMA=,KKHDEQHjj4zYLj62nao8qSR5Q2k=
14,-2,pHRm7Mh83H+2249EF/e9ezMspMA=,KKHDEQHjj4zYLj62nao8qSR5Q2k=
15,-2,pHRm7Mh83H+2249EF/e9ezMspMA=,KKHDEQHjj4zYLj62nao8qSR5Q2k=
11,-3,pHRm7Mh83H+2249EF/e9ezMspMA=,GcUQPNAHjUGNaen2hG2jOJTdR+s=
11,-4,pHRm7Mh83H+2249EF/e9ezMspMA=,GcUQPNAHjUGNaen2hG2jOJTdR+s=
15,-1,pHRm7Mh83H+2249EF/e9ezMspMA=,KKHDEQHjj4zYLj62nao8qSR5Q2k=
11,-2,pHRm7Mh83H+2249EF/e9ezMspMA=,GcUQPNAHjUGNaen2hG2jOJTdR+s=
8,-15,pHRm7Mh83H+2249EF/e9ezMspMA=,vHtjmlK4luKd2lYbmbvXYQS3gFQ=
0,-16,pHRm7Mh83H+2249EF/e9ezMspMA=,O5WgSkP8m50tNQA3HzoenoXP+7o=
8,-16,pHRm7Mh83H+2249EF/e9ezMspMA=,vHtjmlK4luKd2lYbmbvXYQS3gFQ=
7,-14,pHRm7Mh83H+2249EF/e9ezMspMA=,4vPMMTLeUYOAXrDrnM2h073z2aE=
10,-12,pHRm7Mh83H+2249EF/e9ezMspMA=,ZsKa3A160wtzmc3t64fIz0P+moQ=
1,-3,pHRm7Mh83H+2249EF/e9ezMspMA=,/kAkVffnIP4gOC8oRHJXD6ZQHSY=
15,-9,pHRm7Mh83H+2249EF/e9ezMspMA=,RAAL6IrN/N+HrOMgdplfgFFBn2c=
15,-4,pHRm7Mh83H+2249EF/e9ezMspMA=,KKHDEQHjj4zYLj62nao8qSR5Q2k=
15,-5,pHRm7Mh83H+2249EF/e9ezMspMA=,WschZm8B8O76g3jvWa2jLEMdFAI=
10,-11,pHRm7Mh83H+2249EF/e9ezMspMA=,ZsKa3A160wtzmc3t64fIz0P+moQ=
15,-15,pHRm7Mh83H+2249EF/e9ezMspMA=,iBrPWZcr2ZicRsCPzPE+3DicdCI=
15,-12,pHRm7Mh83H+2249EF/e9ezMspMA=,RAAL6IrN/N+HrOMgdplfgFFBn2c=
15,-8,pHRm7Mh83H+2249EF/e9ezMspMA=,WschZm8B8O76g3jvWa2jLEMdFAI=
15,-13,pHRm7Mh83H+2249EF/e9ezMspMA=,iBrPWZcr2ZicRsCPzPE+3DicdCI=
9,-13,pHRm7Mh83H+2249EF/e9ezMspMA=,vHtjmlK4luKd2lYbmbvXYQS3gFQ=
14,-14,pHRm7Mh83H+2249EF/e9ezMspMA=,iBrPWZcr2ZicRsCPzPE+3DicdCI=
15,-6,pHRm7Mh83H+2249EF/e9ezMspMA=,WschZm8B8O76g3jvWa2jLEMdFAI=
1,-1,pHRm7Mh83H+2249EF/e9ezMspMA=,/kAkVffnIP4gOC8oRHJXD6ZQHSY=
14,-7,pHRm7Mh83H+2249EF/e9ezMspMA=,WschZm8B8O76g3jvWa2jLEMdFAI=
14,-12,pHRm7Mh83H+2249EF/e9ezMspMA=,RAAL6IrN/N+HrOMgdplfgFFBn2c=
9,-11,pHRm7Mh83H+2249EF/e9ezMspMA=,ZsKa3A160wtzmc3t64fIz0P+moQ=
14,-9,pHRm7Mh83H+2249EF/e9ezMspMA=,RAAL6IrN/N+HrOMgdplfgFFBn2c=
15,-16,pHRm7Mh83H+2249EF/e9ezMspMA=,iBrPWZcr2ZicRsCPzPE+3DicdCI=
1,-2,pHRm7Mh83H+2249EF/e9ezMspMA=,/kAkVffnIP4gOC8oRHJXD6ZQHSY=
15,-14,pHRm7Mh83H+2249EF/e9ezMspMA=,iBrPWZcr2ZicRsCPzPE+3DicdCI=
11,-12,pHRm7Mh83H+2249EF/e9ezMspMA=,ZsKa3A160wtzmc3t64fIz0P+moQ=
15,-7,pHRm7Mh83H+2249EF/e9ezMspMA=,WschZm8B8O76g3jvWa2jLEMdFAI=
12,-1,pHRm7Mh83H+2249EF/e9ezMspMA=,KKHDEQHjj4zYLj62nao8qSR5Q2k=
11,-1,pHRm7Mh83H+2249EF/e9ezMspMA=,GcUQPNAHjUGNaen2hG2jOJTdR+s=
0,-2,pHRm7Mh83H+2249EF/e9ezMspMA=,/kAkVffnIP4gOC8oRHJXD6ZQHSY=
0,-1,pHRm7Mh83H+2249EF/e9ezMspMA=,/kAkVffnIP4gOC8oRHJXD6ZQHSY=
14,-8,pHRm7Mh83H+2249EF/e9ezMspMA=,WschZm8B8O76g3jvWa2jLEMdFAI=
7,-15,pHRm7Mh83H+2249EF/e9ezMspMA=,4vPMMTLeUYOAXrDrnM2h073z2aE=
14,-13,pHRm7Mh83H+2249EF/e9ezMspMA=,iBrPWZcr2ZicRsCPzPE+3DicdCI=
7,-16,pHRm7Mh83H+2249EF/e9ezMspMA=,4vPMMTLeUYOAXrDrnM2h073z2aE=
10,-1,pHRm7Mh83H+2249EF/e9ezMspMA=,GcUQPNAHjUGNaen2hG2jOJTdR+s=
7,-2,pHRm7Mh83H+2249EF/e9ezMspMA=,esqBjstWtS0K9/+E70L/lk9G5Tc=
2,-2,pHRm7Mh83H+2249EF/e9ezMspMA=,/kAkVffnIP4gOC8oRHJXD6ZQHSY=
3,-2,pHRm7Mh83H+2249EF/e9ezMspMA=,/kAkVffnIP4gOC8oRHJXD6ZQHSY=
9,-1,pHRm7Mh83H+2249EF/e9ezMspMA=,GcUQPNAHjUGNaen2hG2jOJTdR+s=
3,-1,pHRm7Mh83H+2249EF/e9ezMspMA=,/kAkVffnIP4gOC8oRHJXD6ZQHSY=
2,-1,pHRm7Mh83H+2249EF/e9ezMspMA=,/kAkVffnIP4gOC8oRHJXD6ZQHSY=
8,-1,pHRm7Mh83H+2249EF/e9ezMspMA=,GcUQPNAHjUGNaen2hG2jOJTdR+s=
6,-2,pHRm7Mh83H+2249EF/e9ezMspMA=,esqBjstWtS0K9/+E70L/lk9G5Tc=
5,-1,pHRm7Mh83H+2249EF/e9ezMspMA=,esqBjstWtS0K9/+E70L/lk9G5Tc=
7,-1,pHRm7Mh83H+2249EF/e9ezMspMA=,esqBjstWtS0K9/+E70L/lk9G5Tc=
5,-2,pHRm7Mh83H+2249EF/e9ezMspMA=,esqBjstWtS0K9/+E70L/lk9G5Tc=
4,-2,pHRm7Mh83H+2249EF/e9ezMspMA=,esqBjstWtS0K9/+E70L/lk9G5Tc=
6,-1,pHRm7Mh83H+2249EF/e9ezMspMA=,esqBjstWtS0K9/+E70L/lk9G5Tc=
4,-1,pHRm7Mh83H+2249EF/e9ezMspMA=,esqBjstWtS0K9/+E70L/lk9G5Tc=
10,-18,+t4mDS6kTQZZ3S2JW817BdMdZ/A=,OQgSK+LaIkdm0Mmms9TOVeZOZck=
11,-19,+t4mDS6kTQZZ3S2JW817BdMdZ/A=,OQgSK+LaIkdm0Mmms9TOVeZOZck=
10,-19,+t4mDS6kTQZZ3S2JW817BdMdZ/A=,OQgSK+LaIkdm0Mmms9TOVeZOZck=
11,-18,+t4mDS6kTQZZ3S2JW817BdMdZ/A=,OQgSK+LaIkdm0Mmms9TOVeZOZck=
10,-20,+t4mDS6kTQZZ3S2JW817BdMdZ/A=,OQgSK+LaIkdm0Mmms9TOVeZOZck=
2,-19,+t4mDS6kTQZZ3S2JW817BdMdZ/A=,DLMMJdvMx23GI78p3ilWzHnAaA8=
1,-20,+t4mDS6kTQZZ3S2JW817BdMdZ/A=,DLMMJdvMx23GI78p3ilWzHnAaA8=
2,-20,+t4mDS6kTQZZ3S2JW817BdMdZ/A=,DLMMJdvMx23GI78p3ilWzHnAaA8=
11,-17,+t4mDS6kTQZZ3S2JW817BdMdZ/A=,OQgSK+LaIkdm0Mmms9TOVeZOZck=
1,-19,+t4mDS6kTQZZ3S2JW817BdMdZ/A=,DLMMJdvMx23GI78p3ilWzHnAaA8=
9,-17,+t4mDS6kTQZZ3S2JW817BdMdZ/A=,OQgSK+LaIkdm0Mmms9TOVeZOZck=
11,-20,+t4mDS6kTQZZ3S2JW817BdMdZ/A=,OQgSK+LaIkdm0Mmms9TOVeZOZck=
0,-19,+t4mDS6kTQZZ3S2JW817BdMdZ/A=,DLMMJdvMx23GI78p3ilWzHnAaA8=
0,-20,+t4mDS6kTQZZ3S2JW817BdMdZ/A=,DLMMJdvMx23GI78p3ilWzHnAaA8=
10,-17,+t4mDS6kTQZZ3S2JW817BdMdZ/A=,OQgSK+LaIkdm0Mmms9TOVeZOZck=
0,-18,+t4mDS6kTQZZ3S2JW817BdMdZ/A=,DLMMJdvMx23GI78p3ilWzHnAaA8=
3,-19,+t4mDS6kTQZZ3S2JW817BdMdZ/A=,DLMMJdvMx23GI78p3ilWzHnAaA8=
4,-20,+t4mDS6kTQZZ3S2JW817BdMdZ/A=,YB07rtHM8A3gCIq0/hRLNj0OUJk=
5,-19,+t4mDS6kTQZZ3S2JW817BdMdZ/A=,YB07rtHM8A3gCIq0/hRLNj0OUJk=
6,-19,+t4mDS6kTQZZ3S2JW817BdMdZ/A=,YB07rtHM8A3gCIq0/hRLNj0OUJk=
4,-19,+t4mDS6kTQZZ3S2JW817BdMdZ/A=,YB07rtHM8A3gCIq0/hRLNj0OUJk=
3,-20,+t4mDS6kTQZZ3S2JW817BdMdZ/A=,DLMMJdvMx23GI78p3ilWzHnAaA8=
7,-20,+t4mDS6kTQZZ3S2JW817BdMdZ/A=,YB07rtHM8A3gCIq0/hRLNj0OUJk=
6,-20,+t4mDS6kTQZZ3S2JW817BdMdZ/A=,YB07rtHM8A3gCIq0/hRLNj0OUJk=
5,-20,+t4mDS6kTQZZ3S2JW817BdMdZ/A=,YB07rtHM8A3gCIq0/hRLNj0OUJk=
4,-18,+t4mDS6kTQZZ3S2JW817BdMdZ/A=,YB07rtHM8A3gCIq0/hRLNj0OUJk=
1,-18,+t4mDS6kTQZZ3S2JW817BdMdZ/A=,DLMMJdvMx23GI78p3ilWzHnAaA8=
3,-18,+t4mDS6kTQZZ3S2JW817BdMdZ/A=,DLMMJdvMx23GI78p3ilWzHnAaA8=
7,-19,+t4mDS6kTQZZ3S2JW817BdMdZ/A=,YB07rtHM8A3gCIq0/hRLNj0OUJk=
8,-20,+t4mDS6kTQZZ3S2JW817BdMdZ/A=,OQgSK+LaIkdm0Mmms9TOVeZOZck=
9,-18,+t4mDS6kTQZZ3S2JW817BdMdZ/A=,OQgSK+LaIkdm0Mmms9TOVeZOZck=
1,-17,+t4mDS6kTQZZ3S2JW817BdMdZ/A=,DLMMJdvMx23GI78p3ilWzHnAaA8=
5,-18,+t4mDS6kTQZZ3S2JW817BdMdZ/A=,YB07rtHM8A3gCIq0/hRLNj0OUJk=
9,-20,+t4mDS6kTQZZ3S2JW817BdMdZ/A=,OQgSK+LaIkdm0Mmms9TOVeZOZck=
2,-18,+t4mDS6kTQZZ3S2JW817BdMdZ/A=,DLMMJdvMx23GI78p3ilWzHnAaA8=
3,-17,+t4mDS6kTQZZ3S2JW817BdMdZ/A=,DLMMJdvMx23GI78p3ilWzHnAaA8=
8,-17,+t4mDS6kTQZZ3S2JW817BdMdZ/A=,OQgSK+LaIkdm0Mmms9TOVeZOZck=
2,-17,+t4mDS6kTQZZ3S2JW817BdMdZ/A=,DLMMJdvMx23GI78p3ilWzHnAaA8=
6,-18,+t4mDS6kTQZZ3S2JW817BdMdZ/A=,YB07rtHM8A3gCIq0/hRLNj0OUJk=
0,-17,+t4mDS6kTQZZ3S2JW817BdMdZ/A=,DLMMJdvMx23GI78p3ilWzHnAaA8=
8,-19,+t4mDS6kTQZZ3S2JW817BdMdZ/A=,OQgSK+LaIkdm0Mmms9TOVeZOZck=
9,-19,+t4mDS6kTQZZ3S2JW817BdMdZ/A=,OQgSK+LaIkdm0Mmms9TOVeZOZck=
7,-18,+t4mDS6kTQZZ3S2JW817BdMdZ/A=,YB07rtHM8A3gCIq0/hRLNj0OUJk=
7,-17,+t4mDS6kTQZZ3S2JW817BdMdZ/A=,YB07rtHM8A3gCIq0/hRLNj0OUJk=
8,-18,+t4mDS6kTQZZ3S2JW817BdMdZ/A=,OQgSK+LaIkdm0Mmms9TOVeZOZck=
6,-17,+t4mDS6kTQZZ3S2JW817BdMdZ/A=,YB07rtHM8A3gCIq0/hRLNj0OUJk=
5,-17,+t4mDS6kTQZZ3S2JW817BdMdZ/A=,YB07rtHM8A3gCIq0/hRLNj0OUJk=
4,-17,+t4mDS6kTQZZ3S2JW817BdMdZ/A=,YB07rtHM8A3gCIq0/hRLNj0OUJk=
